RESOURCE,START_DATE,END_DATE,DURATION_HOURS,NEDOCS_SAT_SCORE,NEDOCS_VALUE_CAT,ED_BEDS_A,INPATIENT_BEDS_B,ED_PATIENTS_C,CRITICAL_CARE_PATIENTS_D,LONGEST_ED_ADMIT_E,ED_ADMITS_F,LAST_DOOR_TO_BED_TIME_G,COMMENTS,ED_BEDS_A_clean,INPATIENT_BEDS_B_clean
1,2022-01-01 02:00:00,2022-01-01 17:00:00,15,157,severely overcrowded,23,49,13,4,70,4,63,,23,49
1,2022-01-02 09:00:00,2022-01-03 02:00:00,17,46,normal,17,47,26,12,394,22,121,,17,47
1,2022-01-03 11:00:00,2022-01-03 19:00:00,8,176,severely overcrowded,6,10,3,0,219,1,215,,6,10
1,2022-01-04 03:00:00,2022-01-04 05:00:00,2,178,severely overcrowded,22,13,26,6,48,23,232,,22,13
1,2022-01-05 02:00:00,2022-01-05 12:00:00,10,171,severely overcrowded,12,17,11,0,147,6,194,,12,17
1,2022-01-06 02:00:00,2022-01-07 01:00:00,23,128,overcrowded,9,44,14,0,187,2,233,,9,44
1,2022-01-07 07:00:00,2022-01-08 01:00:00,18,157,severely overcrowded,27,45,25,3,549,18,122,,27,45
1,2022-01-08 04:00:00,2022-01-09 01:00:00,21,56,busy,20,35,17,6,423,12,64,,20,35
1,2022-01-09 04:00:00,2022-01-09 20:00:00,16,142,severely overcrowded,14,47,23,8,398,12,61,,14,47
1,2022-01-10 05:00:00,2022-01-11 00:00:00,19,113,overcrowded,26,16,13,5,65,5,266,,26,16
1,2022-01-11 10:00:00,2022-01-11 23:00:00,13,86,busy,29,22,24,9,96,5,75,,29,22
1,2022-01-12 05:00:00,2022-01-12 16:00:00,11,159,severely overcrowded,26,15,17,6,511,2,15,,26,15
1,2022-01-13 10:00:00,2022-01-14 01:00:00,15,170,severely overcrowded,25,28,22,5,183,5,276,,25,28
1,2022-01-14 07:00:00,2022-01-14 19:00:00,12,133,overcrowded,7,46,7,0,180,3,186,,7,46
1,2022-01-15 03:00:00,2022-01-15 08:00:00,5,45,normal,6,22,6,1,249,4,77,,6,22
1,2022-01-16 04:00:00,2022-01-17 03:00:00,23,94,busy,9,45,7,0,122,0,165,,9,45
1,2022-01-17 10:00:00,2022-01-17 16:00:00,6,123,overcrowded,9,41,12,5,557,6,111,,9,41
1,2022-01-18 02:00:00,2022-01-18 06:00:00,4,68,busy,29,39,14,4,391,1,269,,29,39
1,2022-01-19 07:00:00,2022-01-19 08:00:00,1,130,overcrowded,18,15,21,7,283,10,118,,18,15
1,2022-01-20 09:00:00,2022-01-20 23:00:00,14,29,normal,19,10,26,2,532,12,11,,19,10
1,2022-01-21 02:00:00,2022-01-21 08:00:00,6,135,overcrowded,17,40,9,0,287,6,152,,17,40
1,2022-01-22 07:00:00,2022-01-22 13:00:00,6,133,overcrowded,26,26,13,4,161,5,80,,26,26
1,2022-01-23 04:00:00,2022-01-23 13:00:00,9,84,busy,22,38,19,7,238,13,180,,22,38
1,2022-01-24 05:00:00,2022-01-24 06:00:00,1,40,normal,12,12,9,3,275,2,260,,12,12
1,2022-01-25 10:00:00,2022-01-25 16:00:00,6,179,severely overcrowded,13,48,19,2,132,16,249,,13,48
1,2022-01-26 04:00:00,2022-01-26 19:00:00,15,4,normal,27,39,23,9,167,10,82,,27,39
1,2022-01-27 08:00:00,2022-01-27 13:00:00,5,121,overcrowded,8,26,8,0,456,7,49,,8,26
1,2022-01-28 08:00:00,2022-01-28 22:00:00,14,19,normal,15,30,18,6,417,10,157,,15,30
1,2022-01-29 10:00:00,2022-01-29 22:00:00,12,131,overcrowded,5,36,8,1,542,3,161,,5,36
1,2022-01-30 06:00:00,2022-01-30 17:00:00,11,136,overcrowded,15,16,15,0,509,10,189,,15,16
1,2022-01-31 02:00:00,2022-01-31 18:00:00,16,176,severely overcrowded,29,14,19,6,568,6,182,,29,14
1,2022-02-01 00:00:00,2022-02-01 20:00:00,20,32,normal,20,33,11,3,188,9,95,,20,33
1,2022-02-02 03:00:00,2022-02-03 01:00:00,22,126,overcrowded,11,21,7,1,513,6,70,,11,21
1,2022-02-03 02:00:00,2022-02-03 14:00:00,12,21,normal,20,43,26,4,512,7,297,,20,43
1,2022-02-04 09:00:00,2022-02-04 20:00:00,11,118,overcrowded,19,33,14,6,502,1,285,,19,33
1,2022-02-05 11:00:00,2022-02-05 17:00:00,6,156,severely overcrowded,26,30,21,3,435,0,207,,26,30
1,2022-02-06 09:00:00,2022-02-07 05:00:00,20,86,busy,13,16,6,2,511,3,56,,13,16
1,2022-02-07 00:00:00,2022-02-07 09:00:00,9,151,severely overcrowded,21,11,11,4,549,7,266,,21,11
1,2022-02-08 00:00:00,2022-02-08 13:00:00,13,57,busy,14,18,7,2,36,3,88,,14,18
1,2022-02-09 00:00:00,2022-02-09 14:00:00,14,66,busy,16,48,21,7,477,6,261,,16,48
1,2022-02-10 00:00:00,2022-02-10 21:00:00,21,91,busy,10,37,10,2,430,6,181,,10,37
1,2022-02-11 06:00:00,2022-02-12 00:00:00,18,166,severely overcrowded,29,46,32,8,271,2,116,,29,46
1,2022-02-12 08:00:00,2022-02-13 04:00:00,20,118,overcrowded,9,14,16,5,486,6,203,,9,14
1,2022-02-13 04:00:00,2022-02-13 17:00:00,13,21,normal,5,22,8,2,24,3,216,,5,22
1,2022-02-14 07:00:00,2022-02-14 22:00:00,15,135,overcrowded,23,40,14,4,490,11,28,,23,40
1,2022-02-15 10:00:00,2022-02-16 09:00:00,23,84,busy,15,32,14,0,259,5,244,,15,32
1,2022-02-16 10:00:00,2022-02-17 00:00:00,14,114,overcrowded,20,30,26,4,107,3,268,,20,30
1,2022-02-17 07:00:00,2022-02-17 17:00:00,10,136,overcrowded,5,42,2,0,212,1,184,,5,42
1,2022-02-18 01:00:00,2022-02-18 16:00:00,15,93,busy,12,26,8,1,549,4,96,,12,26
1,2022-02-19 10:00:00,2022-02-19 21:00:00,11,178,severely overcrowded,16,10,10,2,596,0,252,,16,10
1,2022-02-20 07:00:00,2022-02-21 03:00:00,20,133,overcrowded,27,12,26,6,529,11,60,,27,12
1,2022-02-21 03:00:00,2022-02-21 09:00:00,6,41,normal,14,29,15,3,311,11,199,,14,29
1,2022-02-22 07:00:00,2022-02-22 22:00:00,15,89,busy,28,28,19,7,177,10,38,,28,28
1,2022-02-23 01:00:00,2022-02-23 03:00:00,2,173,severely overcrowded,14,28,7,2,302,5,40,,14,28
1,2022-02-24 08:00:00,2022-02-25 03:00:00,19,31,normal,6,37,9,3,426,4,265,,6,37
1,2022-02-25 00:00:00,2022-02-25 15:00:00,15,46,normal,9,10,7,1,491,2,41,,9,10
1,2022-02-26 10:00:00,2022-02-26 14:00:00,4,1,normal,9,44,13,0,81,5,177,,9,44
1,2022-02-27 03:00:00,2022-02-27 09:00:00,6,68,busy,10,10,19,1,134,7,243,,10,10
1,2022-02-28 11:00:00,2022-02-28 19:00:00,8,105,overcrowded,8,41,8,0,503,5,220,,8,41
1,2022-03-01 07:00:00,2022-03-01 12:00:00,5,30,normal,27,25,16,3,478,9,94,,27,25
1,2022-03-02 02:00:00,2022-03-03 01:00:00,23,57,busy,12,37,13,5,221,11,130,,12,37
1,2022-03-03 11:00:00,2022-03-04 04:00:00,17,70,busy,6,48,3,0,47,1,93,,6,48
1,2022-03-04 10:00:00,2022-03-05 09:00:00,23,132,overcrowded,8,11,4,1,409,3,178,,8,11
1,2022-03-05 00:00:00,2022-03-05 21:00:00,21,126,overcrowded,14,16,21,0,584,6,151,,14,16
1,2022-03-06 08:00:00,2022-03-07 01:00:00,17,101,overcrowded,16,38,20,8,73,15,87,,16,38
1,2022-03-07 00:00:00,2022-03-07 08:00:00,8,74,busy,6,27,8,2,322,0,126,,6,27
1,2022-03-08 07:00:00,2022-03-08 08:00:00,1,91,busy,21,43,23,10,528,16,75,,21,43
1,2022-03-09 10:00:00,2022-03-09 22:00:00,12,28,normal,9,38,4,0,40,1,264,,9,38
1,2022-03-10 01:00:00,2022-03-10 12:00:00,11,168,severely overcrowded,22,27,24,10,185,12,30,,22,27
1,2022-03-11 02:00:00,2022-03-11 10:00:00,8,27,normal,8,18,16,7,139,10,131,,8,18
1,2022-03-12 03:00:00,2022-03-12 08:00:00,5,11,normal,19,16,21,6,367,0,166,,19,16
1,2022-03-13 02:00:00,2022-03-14 01:00:00,23,54,busy,25,11,30,14,97,1,165,,25,11
1,2022-03-14 08:00:00,2022-03-14 21:00:00,13,68,busy,25,13,20,4,50,18,11,,25,13
1,2022-03-15 01:00:00,2022-03-15 19:00:00,18,44,normal,7,13,14,2,169,6,159,,7,13
1,2022-03-16 01:00:00,2022-03-16 13:00:00,12,61,busy,24,13,23,7,520,19,23,,24,13
1,2022-03-17 01:00:00,2022-03-18 00:00:00,23,75,busy,29,14,33,12,559,10,202,,29,14
1,2022-03-18 05:00:00,2022-03-18 19:00:00,14,102,overcrowded,18,25,16,5,156,3,92,,18,25
1,2022-03-19 00:00:00,2022-03-19 21:00:00,21,64,busy,18,43,21,0,194,20,163,,18,43
1,2022-03-20 10:00:00,2022-03-21 01:00:00,15,173,severely overcrowded,11,47,14,1,592,10,69,,11,47
1,2022-03-21 08:00:00,2022-03-21 18:00:00,10,117,overcrowded,11,20,11,3,522,0,287,,11,20
1,2022-03-22 03:00:00,2022-03-22 19:00:00,16,154,severely overcrowded,15,23,18,8,193,2,39,,15,23
1,2022-03-23 01:00:00,2022-03-23 06:00:00,5,90,busy,27,41,32,5,247,31,25,,27,41
1,2022-03-24 10:00:00,2022-03-25 03:00:00,17,173,severely overcrowded,19,42,28,7,264,17,19,,19,42
1,2022-03-25 00:00:00,2022-03-25 17:00:00,17,126,overcrowded,29,41,37,8,444,25,287,,29,41
1,2022-03-26 08:00:00,2022-03-26 22:00:00,14,96,busy,18,22,15,0,131,7,258,,18,22
1,2022-03-27 01:00:00,2022-03-27 15:00:00,14,49,normal,15,43,11,0,20,8,84,,15,43
1,2022-03-28 09:00:00,2022-03-29 03:00:00,18,78,busy,18,26,26,8,372,10,140,,18,26
1,2022-03-29 07:00:00,2022-03-29 15:00:00,8,175,severely overcrowded,10,18,7,0,285,5,114,,10,18
1,2022-03-30 11:00:00,2022-03-30 16:00:00,5,41,normal,23,26,14,5,193,11,41,,23,26
1,2022-03-31 07:00:00,2022-04-01 03:00:00,20,126,overcrowded,24,46,17,7,121,1,17,,24,46
1,2022-04-01 01:00:00,2022-04-01 13:00:00,12,81,busy,27,24,27,3,357,17,44,,27,24
1,2022-04-02 11:00:00,2022-04-02 20:00:00,9,53,busy,13,17,21,3,369,3,138,,13,17
1,2022-04-03 07:00:00,2022-04-03 19:00:00,12,102,overcrowded,11,25,12,2,482,11,189,,11,25
1,2022-04-04 09:00:00,2022-04-05 07:00:00,22,7,normal,24,45,32,5,442,11,201,,24,45
1,2022-04-05 01:00:00,2022-04-05 15:00:00,14,51,busy,16,18,15,2,149,8,42,,16,18
1,2022-04-06 11:00:00,2022-04-06 18:00:00,7,95,busy,24,21,13,0,199,10,179,,24,21
1,2022-04-07 05:00:00,2022-04-07 18:00:00,13,105,overcrowded,18,27,20,8,597,13,223,,18,27
1,2022-04-08 06:00:00,2022-04-08 19:00:00,13,97,busy,8,22,8,0,443,3,217,,8,22
1,2022-04-09 09:00:00,2022-04-10 05:00:00,20,96,busy,5,44,3,0,411,1,171,,5,44
1,2022-04-10 03:00:00,2022-04-10 15:00:00,12,105,overcrowded,10,42,7,0,140,4,235,,10,42
1,2022-04-11 02:00:00,2022-04-11 04:00:00,2,68,busy,27,40,32,13,330,23,61,,27,40
1,2022-04-12 05:00:00,2022-04-13 01:00:00,20,43,normal,20,28,18,7,288,7,205,,20,28
1,2022-04-13 11:00:00,2022-04-13 13:00:00,2,19,normal,6,12,14,6,389,6,215,,6,12
1,2022-04-14 04:00:00,2022-04-15 02:00:00,22,124,overcrowded,5,35,5,1,588,0,54,,5,35
1,2022-04-15 07:00:00,2022-04-15 17:00:00,10,61,busy,7,10,5,0,576,3,45,,7,10
1,2022-04-16 01:00:00,2022-04-16 15:00:00,14,71,busy,6,46,8,2,472,1,161,,6,46
1,2022-04-17 09:00:00,2022-04-18 00:00:00,15,99,busy,9,47,17,5,55,13,166,,9,47
1,2022-04-18 07:00:00,2022-04-19 05:00:00,22,173,severely overcrowded,11,20,18,1,465,17,19,,11,20
1,2022-04-19 08:00:00,2022-04-19 17:00:00,9,79,busy,17,21,12,0,489,7,213,,17,21
1,2022-04-20 00:00:00,2022-04-20 23:00:00,23,32,normal,9,14,18,4,433,16,79,,9,14
1,2022-04-21 06:00:00,2022-04-22 01:00:00,19,122,overcrowded,27,36,34,8,475,10,73,,27,36
1,2022-04-22 11:00:00,2022-04-22 21:00:00,10,64,busy,27,26,28,10,556,12,263,,27,26
1,2022-04-23 09:00:00,2022-04-24 06:00:00,21,121,overcrowded,12,39,15,6,481,5,210,,12,39
1,2022-04-24 10:00:00,2022-04-25 01:00:00,15,9,normal,9,23,6,2,129,4,235,,9,23
1,2022-04-25 02:00:00,2022-04-25 12:00:00,10,7,normal,12,18,17,7,15,4,124,,12,18
1,2022-04-26 04:00:00,2022-04-26 14:00:00,10,174,severely overcrowded,26,46,32,8,508,18,256,,26,46
1,2022-04-27 11:00:00,2022-04-27 22:00:00,11,71,busy,23,10,20,7,299,12,119,,23,10
1,2022-04-28 01:00:00,2022-04-28 02:00:00,1,62,busy,29,42,31,11,380,15,178,,29,42
1,2022-04-29 05:00:00,2022-04-29 22:00:00,17,110,overcrowded,18,13,21,2,22,17,256,,18,13
1,2022-04-30 03:00:00,2022-04-30 14:00:00,11,80,busy,20,10,28,10,173,3,71,,20,10
1,2022-05-01 01:00:00,2022-05-01 18:00:00,17,140,overcrowded,15,38,23,4,425,15,140,,15,38
1,2022-05-02 07:00:00,2022-05-02 21:00:00,14,171,severely overcrowded,5,28,7,2,200,6,242,,5,28
1,2022-05-03 11:00:00,2022-05-03 15:00:00,4,52,busy,26,10,35,8,115,34,26,,26,10
1,2022-05-04 03:00:00,2022-05-05 01:00:00,22,10,normal,10,10,8,0,458,0,68,,10,10
1,2022-05-05 10:00:00,2022-05-06 02:00:00,16,93,busy,28,12,14,4,40,3,161,,28,12
1,2022-05-06 05:00:00,2022-05-06 22:00:00,17,165,severely overcrowded,17,13,10,3,430,4,199,,17,13
1,2022-05-07 07:00:00,2022-05-08 03:00:00,20,96,busy,18,44,26,3,177,5,231,,18,44
1,2022-05-08 07:00:00,2022-05-09 03:00:00,20,39,normal,12,25,14,6,325,9,24,,12,25
1,2022-05-09 06:00:00,2022-05-09 22:00:00,16,19,normal,16,48,10,3,354,2,220,,16,48
1,2022-05-10 09:00:00,2022-05-10 10:00:00,1,115,overcrowded,20,46,26,5,559,14,85,,20,46
1,2022-05-11 03:00:00,2022-05-11 18:00:00,15,15,normal,15,13,22,8,455,4,131,,15,13
1,2022-05-12 01:00:00,2022-05-12 16:00:00,15,66,busy,8,41,7,2,253,2,40,,8,41
1,2022-05-13 05:00:00,2022-05-14 01:00:00,20,137,overcrowded,20,11,19,4,381,9,43,,20,11
1,2022-05-14 00:00:00,2022-05-14 03:00:00,3,23,normal,6,48,12,4,474,7,242,,6,48
1,2022-05-15 02:00:00,2022-05-15 14:00:00,12,124,overcrowded,22,26,11,3,37,1,26,,22,26
1,2022-05-16 03:00:00,2022-05-16 12:00:00,9,153,severely overcrowded,18,26,11,3,319,3,241,,18,26
1,2022-05-17 09:00:00,2022-05-17 22:00:00,13,70,busy,6,40,8,1,484,6,149,,6,40
1,2022-05-18 00:00:00,2022-05-18 16:00:00,16,49,normal,7,11,10,3,375,4,145,,7,11
1,2022-05-19 00:00:00,2022-05-19 22:00:00,22,20,normal,27,31,19,1,335,2,201,,27,31
1,2022-05-20 08:00:00,2022-05-21 00:00:00,16,142,severely overcrowded,28,10,17,6,272,0,296,,28,10
1,2022-05-21 08:00:00,2022-05-22 02:00:00,18,23,normal,22,31,30,3,67,15,55,,22,31
1,2022-05-22 05:00:00,2022-05-22 15:00:00,10,30,normal,14,46,19,2,562,4,108,,14,46
1,2022-05-23 11:00:00,2022-05-23 13:00:00,2,45,normal,10,19,9,3,159,5,62,,10,19
1,2022-05-24 10:00:00,2022-05-24 11:00:00,1,102,overcrowded,21,48,20,9,470,0,32,,21,48
1,2022-05-25 00:00:00,2022-05-25 19:00:00,19,36,normal,6,33,3,0,185,0,51,,6,33
1,2022-05-26 11:00:00,2022-05-26 23:00:00,12,119,overcrowded,8,22,5,0,578,1,152,,8,22
1,2022-05-27 05:00:00,2022-05-27 07:00:00,2,22,normal,23,42,17,4,376,12,87,,23,42
1,2022-05-28 05:00:00,2022-05-28 10:00:00,5,122,overcrowded,16,32,11,1,123,6,284,,16,32
1,2022-05-29 01:00:00,2022-05-29 13:00:00,12,120,overcrowded,21,15,10,3,133,9,135,,21,15
1,2022-05-30 04:00:00,2022-05-30 12:00:00,8,92,busy,13,16,11,3,313,8,203,,13,16
1,2022-05-31 00:00:00,2022-05-31 17:00:00,17,67,busy,26,21,15,0,184,7,282,,26,21
1,2022-06-01 09:00:00,2022-06-01 17:00:00,8,83,busy,8,20,9,1,446,7,264,,8,20
2,2022-01-01 05:00:00,2022-01-01 10:00:00,5,7,normal,19,32,16,2,121,4,145,,19,32
2,2022-01-02 04:00:00,2022-01-02 14:00:00,10,76,busy,11,28,7,1,349,5,221,,11,28
2,2022-01-03 09:00:00,2022-01-03 15:00:00,6,131,overcrowded,12,43,10,4,458,0,43,,12,43
2,2022-01-04 07:00:00,2022-01-04 23:00:00,16,69,busy,29,24,31,12,181,4,67,,29,24
2,2022-01-05 05:00:00,2022-01-06 02:00:00,21,63,busy,17,16,24,9,16,7,252,,17,16
2,2022-01-06 02:00:00,2022-01-06 12:00:00,10,87,busy,23,38,19,1,509,3,237,,23,38
2,2022-01-07 07:00:00,2022-01-08 03:00:00,20,113,overcrowded,7,26,14,2,39,10,286,,7,26
2,2022-01-08 08:00:00,2022-01-08 14:00:00,6,92,busy,8,43,9,2,262,4,21,,8,43
2,2022-01-09 08:00:00,2022-01-10 07:00:00,23,129,overcrowded,6,43,3,0,85,2,54,,6,43
2,2022-01-10 08:00:00,2022-01-11 07:00:00,23,112,overcrowded,5,37,7,0,135,2,8,,5,37
2,2022-01-11 06:00:00,2022-01-11 07:00:00,1,13,normal,13,46,11,2,76,1,204,,13,46
2,2022-01-12 05:00:00,2022-01-12 08:00:00,3,157,severely overcrowded,24,22,31,5,260,4,156,,24,22
2,2022-01-13 11:00:00,2022-01-14 04:00:00,17,147,severely overcrowded,8,38,5,1,487,3,6,,8,38
2,2022-01-14 05:00:00,2022-01-14 15:00:00,10,29,normal,22,14,18,2,186,6,163,,22,14
2,2022-01-15 02:00:00,2022-01-15 11:00:00,9,18,normal,15,28,24,0,68,8,77,,15,28
2,2022-01-16 08:00:00,2022-01-17 03:00:00,19,137,overcrowded,28,40,19,6,120,18,210,,28,40
2,2022-01-17 09:00:00,2022-01-17 22:00:00,13,94,busy,18,47,15,5,14,2,143,,18,47
2,2022-01-18 10:00:00,2022-01-18 19:00:00,9,163,severely overcrowded,15,41,8,2,594,1,27,,15,41
2,2022-01-19 07:00:00,2022-01-19 17:00:00,10,64,busy,9,23,16,6,285,4,92,,9,23
2,2022-01-20 03:00:00,2022-01-20 12:00:00,9,14,normal,19,38,9,2,319,3,83,,19,38
2,2022-01-21 02:00:00,2022-01-21 18:00:00,16,73,busy,20,42,18,7,487,6,81,,20,42
2,2022-01-22 08:00:00,2022-01-23 01:00:00,17,27,normal,24,17,13,2,33,9,297,,24,17
2,2022-01-23 06:00:00,2022-01-23 14:00:00,8,101,overcrowded,19,28,18,2,322,15,107,,19,28
2,2022-01-24 00:00:00,2022-01-24 11:00:00,11,73,busy,28,43,18,8,247,10,204,,28,43
2,2022-01-25 03:00:00,2022-01-25 14:00:00,11,96,busy,23,20,12,5,68,10,186,,23,20
2,2022-01-26 10:00:00,2022-01-26 21:00:00,11,91,busy,10,26,13,0,87,4,66,,10,26
2,2022-01-27 00:00:00,2022-01-27 03:00:00,3,158,severely overcrowded,20,47,15,5,467,14,192,,20,47
2,2022-01-28 06:00:00,2022-01-29 03:00:00,21,126,overcrowded,18,15,26,1,117,16,289,,18,15
2,2022-01-29 02:00:00,2022-01-29 14:00:00,12,96,busy,28,45,21,2,379,9,50,,28,45
2,2022-01-30 04:00:00,2022-01-31 01:00:00,21,18,normal,6,37,7,1,389,4,240,,6,37
2,2022-01-31 04:00:00,2022-01-31 23:00:00,19,33,normal,16,47,24,6,397,3,292,,16,47
2,2022-02-01 04:00:00,2022-02-01 13:00:00,9,29,normal,7,10,12,1,76,7,101,,7,10
2,2022-02-02 02:00:00,2022-02-02 07:00:00,5,143,severely overcrowded,19,34,24,4,192,2,66,,19,34
2,2022-02-03 09:00:00,2022-02-04 03:00:00,18,83,busy,28,39,23,3,500,21,248,,28,39
2,2022-02-04 01:00:00,2022-02-04 14:00:00,13,101,overcrowded,9,42,10,0,584,2,45,,9,42
2,2022-02-05 02:00:00,2022-02-05 10:00:00,8,13,normal,13,43,14,4,201,8,285,,13,43
2,2022-02-06 08:00:00,2022-02-07 07:00:00,23,168,severely overcrowded,25,47,17,3,347,4,182,,25,47
2,2022-02-07 07:00:00,2022-02-08 06:00:00,23,82,busy,25,44,19,2,372,8,122,,25,44
2,2022-02-08 09:00:00,2022-02-08 14:00:00,5,17,normal,19,22,14,6,595,5,225,,19,22
2,2022-02-09 09:00:00,2022-02-10 00:00:00,15,124,overcrowded,22,39,16,3,133,0,67,,22,39
2,2022-02-10 01:00:00,2022-02-10 06:00:00,5,9,normal,15,15,16,3,208,12,215,,15,15
2,2022-02-11 02:00:00,2022-02-12 00:00:00,22,157,severely overcrowded,12,24,16,6,294,7,242,,12,24
2,2022-02-12 11:00:00,2022-02-13 07:00:00,20,150,severely overcrowded,8,36,12,0,567,3,285,,8,36
2,2022-02-13 09:00:00,2022-02-13 21:00:00,12,100,busy,6,27,3,0,401,0,10,,6,27
2,2022-02-14 09:00:00,2022-02-15 03:00:00,18,58,busy,13,13,22,6,203,17,58,,13,13
2,2022-02-15 00:00:00,2022-02-15 18:00:00,18,84,busy,9,49,7,1,345,3,35,,9,49
2,2022-02-16 05:00:00,2022-02-16 14:00:00,9,166,severely overcrowded,26,32,21,9,103,1,40,,26,32
2,2022-02-17 01:00:00,2022-02-17 19:00:00,18,2,normal,10,24,13,1,212,10,290,,10,24
2,2022-02-18 09:00:00,2022-02-19 07:00:00,22,75,busy,9,22,16,6,453,12,170,,9,22
2,2022-02-19 10:00:00,2022-02-19 21:00:00,11,0,normal,11,28,11,3,76,2,40,,11,28
2,2022-02-20 05:00:00,2022-02-20 12:00:00,7,82,busy,6,36,13,2,67,1,198,,6,36
2,2022-02-21 05:00:00,2022-02-21 21:00:00,16,157,severely overcrowded,9,16,18,4,590,7,81,,9,16
2,2022-02-22 04:00:00,2022-02-23 01:00:00,21,163,severely overcrowded,10,48,7,0,266,2,56,,10,48
2,2022-02-23 03:00:00,2022-02-23 17:00:00,14,103,overcrowded,26,49,14,3,325,13,131,,26,49
2,2022-02-24 04:00:00,2022-02-24 09:00:00,5,15,normal,11,30,18,8,310,10,244,,11,30
2,2022-02-25 04:00:00,2022-02-25 11:00:00,7,165,severely overcrowded,18,10,17,4,371,15,22,,18,10
2,2022-02-26 06:00:00,2022-02-26 10:00:00,4,6,normal,9,29,16,7,413,13,201,,9,29
2,2022-02-27 07:00:00,2022-02-27 23:00:00,16,92,busy,8,19,10,4,324,7,125,,8,19
2,2022-02-28 00:00:00,2022-02-28 09:00:00,9,93,busy,11,42,8,2,287,3,264,,11,42
2,2022-03-01 07:00:00,2022-03-01 10:00:00,3,173,severely overcrowded,25,46,29,0,525,8,229,,25,46
2,2022-03-02 03:00:00,2022-03-02 16:00:00,13,116,overcrowded,13,40,12,1,36,1,53,,13,40
2,2022-03-03 06:00:00,2022-03-04 00:00:00,18,11,normal,13,32,15,5,442,1,135,,13,32
2,2022-03-04 11:00:00,2022-03-05 09:00:00,22,113,overcrowded,11,28,14,3,298,9,7,,11,28
2,2022-03-05 02:00:00,2022-03-05 18:00:00,16,123,overcrowded,26,29,32,14,465,29,149,,26,29
2,2022-03-06 02:00:00,2022-03-07 01:00:00,23,45,normal,29,16,28,7,227,14,209,,29,16
2,2022-03-07 07:00:00,2022-03-07 18:00:00,11,148,severely overcrowded,18,44,20,6,252,15,246,,18,44
2,2022-03-08 01:00:00,2022-03-08 09:00:00,8,33,normal,28,17,27,1,138,18,6,,28,17
2,2022-03-09 08:00:00,2022-03-09 16:00:00,8,110,overcrowded,5,29,11,2,433,1,190,,5,29
2,2022-03-10 02:00:00,2022-03-10 06:00:00,4,77,busy,12,27,14,1,266,7,270,,12,27
2,2022-03-11 09:00:00,2022-03-12 03:00:00,18,84,busy,16,32,15,2,513,14,176,,16,32
2,2022-03-12 00:00:00,2022-03-12 06:00:00,6,17,normal,19,46,23,3,595,12,221,,19,46
2,2022-03-13 04:00:00,2022-03-13 09:00:00,5,146,severely overcrowded,14,38,19,5,313,3,276,,14,38
2,2022-03-14 06:00:00,2022-03-15 03:00:00,21,47,normal,26,37,26,10,106,2,27,,26,37
2,2022-03-15 04:00:00,2022-03-15 10:00:00,6,50,normal,23,20,28,3,453,8,42,,23,20
2,2022-03-16 10:00:00,2022-03-17 05:00:00,19,91,busy,6,36,15,0,421,8,61,,6,36
2,2022-03-17 11:00:00,2022-03-18 03:00:00,16,102,overcrowded,10,49,17,7,137,4,212,,10,49
2,2022-03-18 06:00:00,2022-03-18 21:00:00,15,45,normal,5,32,13,0,418,6,108,,5,32
2,2022-03-19 10:00:00,2022-03-19 19:00:00,9,90,busy,13,17,9,2,272,2,83,,13,17
2,2022-03-20 08:00:00,2022-03-20 09:00:00,1,175,severely overcrowded,21,29,26,8,304,2,295,,21,29
2,2022-03-21 04:00:00,2022-03-21 23:00:00,19,109,overcrowded,15,12,12,2,386,4,41,,15,12
2,2022-03-22 09:00:00,2022-03-22 21:00:00,12,144,severely overcrowded,25,27,15,6,112,0,77,,25,27
2,2022-03-23 11:00:00,2022-03-23 17:00:00,6,97,busy,21,21,30,4,278,29,166,,21,21
2,2022-03-24 10:00:00,2022-03-24 13:00:00,3,140,overcrowded,8,25,6,0,20,2,292,,8,25
2,2022-03-25 03:00:00,2022-03-26 00:00:00,21,51,busy,11,23,19,7,493,16,296,,11,23
2,2022-03-26 09:00:00,2022-03-26 18:00:00,9,159,severely overcrowded,23,26,16,3,127,9,264,,23,26
2,2022-03-27 06:00:00,2022-03-27 22:00:00,16,3,normal,5,25,10,4,57,7,33,,5,25
2,2022-03-28 02:00:00,2022-03-28 07:00:00,5,67,busy,20,45,15,2,408,2,5,,20,45
2,2022-03-29 09:00:00,2022-03-29 21:00:00,12,95,busy,27,14,27,7,129,17,282,,27,14
2,2022-03-30 08:00:00,2022-03-30 20:00:00,12,160,severely overcrowded,29,19,34,5,44,9,294,,29,19
2,2022-03-31 09:00:00,2022-03-31 15:00:00,6,108,overcrowded,5,13,3,0,17,2,7,,5,13
2,2022-04-01 06:00:00,2022-04-02 04:00:00,22,0,normal,13,14,20,6,156,3,25,,13,14
2,2022-04-02 00:00:00,2022-04-02 10:00:00,10,170,severely overcrowded,6,27,11,2,145,10,130,,6,27
2,2022-04-03 00:00:00,2022-04-03 19:00:00,19,154,severely overcrowded,28,40,22,8,124,13,299,,28,40
2,2022-04-04 11:00:00,2022-04-05 06:00:00,19,88,busy,18,42,9,0,84,8,110,,18,42
2,2022-04-05 06:00:00,2022-04-05 18:00:00,12,70,busy,13,19,7,0,278,1,130,,13,19
2,2022-04-06 06:00:00,2022-04-07 04:00:00,22,83,busy,9,20,15,2,206,14,20,,9,20
2,2022-04-07 10:00:00,2022-04-07 14:00:00,4,36,normal,8,40,11,3,169,8,76,,8,40
2,2022-04-08 08:00:00,2022-04-08 14:00:00,6,82,busy,9,23,9,3,90,4,240,,9,23
2,2022-04-09 09:00:00,2022-04-09 16:00:00,7,173,severely overcrowded,27,29,21,6,406,17,151,,27,29
2,2022-04-10 08:00:00,2022-04-10 12:00:00,4,139,overcrowded,14,16,10,0,133,0,220,,14,16
2,2022-04-11 07:00:00,2022-04-11 16:00:00,9,39,normal,11,49,11,3,263,4,277,,11,49
2,2022-04-12 08:00:00,2022-04-13 05:00:00,21,41,normal,6,21,12,3,103,4,79,,6,21
2,2022-04-13 00:00:00,2022-04-13 11:00:00,11,70,busy,20,43,19,2,35,11,278,,20,43
2,2022-04-14 03:00:00,2022-04-14 15:00:00,12,104,overcrowded,14,36,7,1,406,2,20,,14,36
2,2022-04-15 02:00:00,2022-04-15 21:00:00,19,105,overcrowded,22,11,30,8,173,29,154,,22,11
2,2022-04-16 00:00:00,2022-04-16 18:00:00,18,89,busy,19,32,27,6,414,24,51,,19,32
2,2022-04-17 03:00:00,2022-04-17 06:00:00,3,74,busy,18,18,17,4,303,0,81,,18,18
2,2022-04-18 01:00:00,2022-04-18 15:00:00,14,80,busy,25,37,15,6,508,2,199,,25,37
2,2022-04-19 06:00:00,2022-04-20 05:00:00,23,131,overcrowded,23,32,25,7,39,6,205,,23,32
2,2022-04-20 07:00:00,2022-04-20 10:00:00,3,180,severely overcrowded,22,44,29,4,599,22,162,,22,44
2,2022-04-21 10:00:00,2022-04-21 13:00:00,3,154,severely overcrowded,7,26,10,3,225,4,34,,7,26
2,2022-04-22 07:00:00,2022-04-23 03:00:00,20,171,severely overcrowded,8,27,16,4,349,6,265,,8,27
2,2022-04-23 00:00:00,2022-04-23 04:00:00,4,157,severely overcrowded,25,28,16,3,413,13,157,,25,28
2,2022-04-24 05:00:00,2022-04-24 23:00:00,18,116,overcrowded,26,47,22,5,329,15,160,,26,47
2,2022-04-25 04:00:00,2022-04-26 00:00:00,20,102,overcrowded,20,30,14,4,465,9,33,,20,30
2,2022-04-26 01:00:00,2022-04-26 22:00:00,21,163,severely overcrowded,7,17,12,1,162,4,225,,7,17
2,2022-04-27 02:00:00,2022-04-27 10:00:00,8,166,severely overcrowded,12,33,15,6,563,3,38,,12,33
2,2022-04-28 02:00:00,2022-04-28 12:00:00,10,180,severely overcrowded,19,44,22,3,509,15,166,,19,44
2,2022-04-29 10:00:00,2022-04-29 21:00:00,11,79,busy,16,15,10,3,142,0,100,,16,15
2,2022-04-30 03:00:00,2022-04-30 07:00:00,4,22,normal,26,13,19,0,456,9,180,,26,13
2,2022-05-01 07:00:00,2022-05-01 16:00:00,9,132,overcrowded,12,15,17,4,299,16,102,,12,15
2,2022-05-02 08:00:00,2022-05-02 13:00:00,5,140,overcrowded,24,13,33,9,409,32,147,,24,13
2,2022-05-03 11:00:00,2022-05-04 09:00:00,22,115,overcrowded,10,18,10,4,49,2,296,,10,18
2,2022-05-04 05:00:00,2022-05-04 06:00:00,1,60,busy,18,44,10,1,26,6,31,,18,44
2,2022-05-05 05:00:00,2022-05-05 18:00:00,13,94,busy,13,34,21,3,76,13,201,,13,34
2,2022-05-06 06:00:00,2022-05-06 16:00:00,10,84,busy,27,46,21,5,209,20,59,,27,46
2,2022-05-07 04:00:00,2022-05-07 15:00:00,11,133,overcrowded,11,17,13,5,186,2,197,,11,17
2,2022-05-08 10:00:00,2022-05-09 03:00:00,17,17,normal,26,40,13,3,546,3,252,,26,40
2,2022-05-09 09:00:00,2022-05-09 16:00:00,7,11,normal,18,19,24,9,136,6,188,,18,19
2,2022-05-10 10:00:00,2022-05-11 00:00:00,14,90,busy,22,48,25,10,176,20,8,,22,48
2,2022-05-11 04:00:00,2022-05-11 19:00:00,15,50,normal,21,16,17,7,525,16,114,,21,16
2,2022-05-12 06:00:00,2022-05-12 10:00:00,4,106,overcrowded,13,42,11,2,308,7,50,,13,42
2,2022-05-13 07:00:00,2022-05-13 15:00:00,8,13,normal,24,18,13,2,52,10,125,,24,18
2,2022-05-14 01:00:00,2022-05-14 02:00:00,1,159,severely overcrowded,20,48,12,3,104,6,260,,20,48
2,2022-05-15 07:00:00,2022-05-15 12:00:00,5,15,normal,16,30,8,3,109,3,99,,16,30
2,2022-05-16 01:00:00,2022-05-16 18:00:00,17,141,severely overcrowded,28,33,23,0,542,2,149,,28,33
2,2022-05-17 11:00:00,2022-05-17 21:00:00,10,161,severely overcrowded,7,33,6,2,186,5,85,,7,33
2,2022-05-18 11:00:00,2022-05-19 04:00:00,17,69,busy,22,30,22,7,243,2,195,,22,30
2,2022-05-19 04:00:00,2022-05-19 15:00:00,11,50,normal,9,44,12,0,501,4,63,,9,44
2,2022-05-20 01:00:00,2022-05-20 07:00:00,6,164,severely overcrowded,11,37,7,1,246,1,231,,11,37
2,2022-05-21 01:00:00,2022-05-21 07:00:00,6,6,normal,11,32,19,2,169,14,283,,11,32
2,2022-05-22 10:00:00,2022-05-22 17:00:00,7,47,normal,13,11,9,0,394,5,268,,13,11
2,2022-05-23 11:00:00,2022-05-24 02:00:00,15,4,normal,28,11,18,4,443,7,92,,28,11
2,2022-05-24 05:00:00,2022-05-25 01:00:00,20,54,busy,7,36,11,1,386,8,264,,7,36
2,2022-05-25 06:00:00,2022-05-25 14:00:00,8,2,normal,18,26,16,3,521,8,29,,18,26
2,2022-05-26 05:00:00,2022-05-27 01:00:00,20,8,normal,23,26,22,5,555,19,97,,23,26
2,2022-05-27 08:00:00,2022-05-27 09:00:00,1,91,busy,16,24,15,0,133,2,56,,16,24
2,2022-05-28 09:00:00,2022-05-28 11:00:00,2,106,overcrowded,17,19,19,4,424,16,101,,17,19
2,2022-05-29 06:00:00,2022-05-29 12:00:00,6,127,overcrowded,12,12,6,0,156,1,52,,12,12
2,2022-05-30 02:00:00,2022-05-30 04:00:00,2,12,normal,13,28,22,10,25,17,131,,13,28
2,2022-05-31 08:00:00,2022-06-01 05:00:00,21,16,normal,28,24,16,4,429,6,143,,28,24
2,2022-06-01 09:00:00,2022-06-02 08:00:00,23,81,busy,11,38,11,2,471,5,179,,11,38
3,2022-01-01 07:00:00,2022-01-02 06:00:00,23,10,normal,80,110,59,12,372,44,6,,80,110
3,2022-01-02 04:00:00,2022-01-03 01:00:00,21,80,busy,47,106,23,4,131,15,10,,47,106
3,2022-01-03 00:00:00,2022-01-03 12:00:00,12,15,normal,84,119,87,15,235,8,40,,84,119
3,2022-01-04 10:00:00,2022-01-04 20:00:00,10,73,busy,50,114,48,21,420,17,256,,50,114
3,2022-01-05 00:00:00,2022-01-05 09:00:00,9,168,severely overcrowded,35,122,18,0,234,3,214,,35,122
3,2022-01-06 01:00:00,2022-01-06 15:00:00,14,149,severely overcrowded,91,150,79,3,356,33,44,,91,150
3,2022-01-07 06:00:00,2022-01-07 20:00:00,14,165,severely overcrowded,38,100,19,1,230,10,106,,38,100
3,2022-01-08 05:00:00,2022-01-09 03:00:00,22,65,busy,40,188,34,9,282,9,162,,40,188
3,2022-01-09 00:00:00,2022-01-09 23:00:00,23,118,overcrowded,51,158,27,3,254,9,99,,51,158
3,2022-01-10 06:00:00,2022-01-10 18:00:00,12,156,severely overcrowded,67,173,54,8,484,51,59,,67,173
3,2022-01-11 08:00:00,2022-01-11 13:00:00,5,68,busy,66,89,37,14,71,27,17,,66,89
3,2022-01-12 07:00:00,2022-01-12 11:00:00,4,125,overcrowded,37,67,37,3,522,20,237,,37,67
3,2022-01-13 09:00:00,2022-01-13 23:00:00,14,32,normal,47,141,50,18,429,39,130,,47,141
3,2022-01-14 09:00:00,2022-01-14 12:00:00,3,133,overcrowded,31,174,36,10,90,4,205,,31,174
3,2022-01-15 09:00:00,2022-01-15 12:00:00,3,37,normal,40,112,23,6,594,22,65,,40,112
3,2022-01-16 06:00:00,2022-01-16 19:00:00,13,169,severely overcrowded,37,157,42,11,192,2,40,,37,157
3,2022-01-17 05:00:00,2022-01-17 12:00:00,7,155,severely overcrowded,62,54,51,21,151,14,50,,62,54
3,2022-01-18 03:00:00,2022-01-18 08:00:00,5,151,severely overcrowded,70,89,41,12,386,12,288,,70,89
3,2022-01-19 04:00:00,2022-01-19 09:00:00,5,17,normal,98,108,66,3,400,25,212,,98,108
3,2022-01-20 04:00:00,2022-01-21 02:00:00,22,165,severely overcrowded,77,120,47,5,47,46,23,,77,120
3,2022-01-21 04:00:00,2022-01-22 00:00:00,20,10,normal,83,114,90,41,140,69,129,,83,114
3,2022-01-22 09:00:00,2022-01-23 05:00:00,20,22,normal,82,92,44,3,380,7,244,,82,92
3,2022-01-23 11:00:00,2022-01-24 09:00:00,22,6,normal,87,122,48,1,583,10,246,,87,122
3,2022-01-24 01:00:00,2022-01-24 08:00:00,7,9,normal,37,92,23,8,355,3,246,,37,92
3,2022-01-25 02:00:00,2022-01-25 15:00:00,13,83,busy,75,142,54,10,194,15,178,,75,142
3,2022-01-26 07:00:00,2022-01-26 15:00:00,8,146,severely overcrowded,78,178,66,20,223,52,255,,78,178
3,2022-01-27 05:00:00,2022-01-27 09:00:00,4,8,normal,34,66,22,2,529,11,172,,34,66
3,2022-01-28 04:00:00,2022-01-28 08:00:00,4,163,severely overcrowded,83,151,42,7,355,25,176,,83,151
3,2022-01-29 08:00:00,2022-01-29 11:00:00,3,88,busy,66,125,34,9,95,7,293,,66,125
3,2022-01-30 09:00:00,2022-01-31 06:00:00,21,111,overcrowded,80,194,85,32,240,61,154,,80,194
3,2022-01-31 10:00:00,2022-02-01 00:00:00,14,93,busy,68,87,72,28,456,56,134,,68,87
3,2022-02-01 11:00:00,2022-02-02 09:00:00,22,51,busy,58,162,62,9,452,28,217,,58,162
3,2022-02-02 08:00:00,2022-02-03 01:00:00,17,103,overcrowded,91,164,85,34,103,70,115,,91,164
3,2022-02-03 03:00:00,2022-02-03 18:00:00,15,62,busy,79,66,54,11,564,0,98,,79,66
3,2022-02-04 10:00:00,2022-02-04 20:00:00,10,82,busy,77,133,84,26,215,30,190,,77,133
3,2022-02-05 03:00:00,2022-02-05 05:00:00,2,20,normal,78,119,68,11,467,29,137,,78,119
3,2022-02-06 01:00:00,2022-02-06 20:00:00,19,14,normal,60,136,54,7,511,10,39,,60,136
3,2022-02-07 06:00:00,2022-02-07 08:00:00,2,158,severely overcrowded,31,94,33,4,182,32,208,,31,94
3,2022-02-08 08:00:00,2022-02-09 03:00:00,19,45,normal,86,167,65,1,37,22,66,,86,167
3,2022-02-09 08:00:00,2022-02-09 14:00:00,6,63,busy,46,131,24,5,230,4,163,,46,131
3,2022-02-10 02:00:00,2022-02-10 04:00:00,2,84,busy,78,153,66,12,217,3,62,,78,153
3,2022-02-11 04:00:00,2022-02-11 19:00:00,15,72,busy,98,57,85,15,71,84,149,,98,57
3,2022-02-12 10:00:00,2022-02-12 21:00:00,11,10,normal,90,107,94,7,465,62,276,,90,107
3,2022-02-13 05:00:00,2022-02-13 10:00:00,5,145,severely overcrowded,90,143,61,10,462,25,207,,90,143
3,2022-02-14 06:00:00,2022-02-15 03:00:00,21,12,normal,91,180,46,1,297,19,14,,91,180
3,2022-02-15 03:00:00,2022-02-15 16:00:00,13,14,normal,42,167,32,6,371,4,270,,42,167
3,2022-02-16 00:00:00,2022-02-16 08:00:00,8,19,normal,94,193,72,29,461,9,142,,94,193
3,2022-02-17 10:00:00,2022-02-17 13:00:00,3,173,severely overcrowded,75,79,76,1,321,23,7,,75,79
3,2022-02-18 03:00:00,2022-02-18 19:00:00,16,105,overcrowded,48,122,45,5,99,38,105,,48,122
3,2022-02-19 10:00:00,2022-02-19 13:00:00,3,175,severely overcrowded,60,191,62,21,430,4,152,,60,191
3,2022-02-20 03:00:00,2022-02-20 06:00:00,3,65,busy,43,118,23,5,545,8,247,,43,118
3,2022-02-21 08:00:00,2022-02-21 09:00:00,1,152,severely overcrowded,55,141,56,4,450,0,119,,55,141
3,2022-02-22 04:00:00,2022-02-22 14:00:00,10,107,overcrowded,34,110,25,0,202,3,65,,34,110
3,2022-02-23 05:00:00,2022-02-23 18:00:00,13,110,overcrowded,66,124,35,9,117,18,68,,66,124
3,2022-02-24 05:00:00,2022-02-25 01:00:00,20,130,overcrowded,93,136,72,7,491,38,250,,93,136
3,2022-02-25 03:00:00,2022-02-26 02:00:00,23,112,overcrowded,94,137,80,27,185,64,67,,94,137
3,2022-02-26 07:00:00,2022-02-26 23:00:00,16,152,severely overcrowded,68,127,38,12,17,29,263,,68,127
3,2022-02-27 08:00:00,2022-02-28 04:00:00,20,18,normal,84,98,84,19,358,65,39,,84,98
3,2022-02-28 10:00:00,2022-02-28 13:00:00,3,131,overcrowded,91,174,65,10,166,33,181,,91,174
3,2022-03-01 06:00:00,2022-03-02 02:00:00,20,170,severely overcrowded,98,120,60,27,31,18,199,,98,120
3,2022-03-02 01:00:00,2022-03-02 06:00:00,5,45,normal,47,143,29,11,465,5,123,,47,143
3,2022-03-03 11:00:00,2022-03-04 01:00:00,14,11,normal,60,58,48,12,156,43,37,,60,58
3,2022-03-04 06:00:00,2022-03-04 07:00:00,1,30,normal,89,184,60,1,272,49,298,,89,184
3,2022-03-05 00:00:00,2022-03-05 22:00:00,22,100,busy,53,119,56,12,524,36,220,,53,119
3,2022-03-06 01:00:00,2022-03-06 14:00:00,13,161,severely overcrowded,85,50,86,3,588,82,66,,85,50
3,2022-03-07 10:00:00,2022-03-07 21:00:00,11,133,overcrowded,85,130,59,22,490,54,116,,85,130
3,2022-03-08 10:00:00,2022-03-09 03:00:00,17,66,busy,51,99,25,10,228,4,158,,51,99
3,2022-03-09 07:00:00,2022-03-09 21:00:00,14,99,busy,59,61,61,15,124,43,292,,59,61
3,2022-03-10 05:00:00,2022-03-10 13:00:00,8,133,overcrowded,71,78,37,16,217,32,146,,71,78
3,2022-03-11 02:00:00,2022-03-11 21:00:00,19,11,normal,67,156,43,18,183,33,245,,67,156
3,2022-03-12 11:00:00,2022-03-13 05:00:00,18,10,normal,50,139,35,7,279,16,18,,50,139
3,2022-03-13 05:00:00,2022-03-13 23:00:00,18,61,busy,43,52,38,15,250,3,243,,43,52
3,2022-03-14 05:00:00,2022-03-15 03:00:00,22,115,overcrowded,86,142,95,45,140,63,140,,86,142
3,2022-03-15 10:00:00,2022-03-15 21:00:00,11,93,busy,53,192,31,0,419,1,182,,53,192
3,2022-03-16 05:00:00,2022-03-16 20:00:00,15,23,normal,51,187,33,12,470,5,286,,51,187
3,2022-03-17 07:00:00,2022-03-18 06:00:00,23,3,normal,64,85,55,17,346,44,203,,64,85
3,2022-03-18 11:00:00,2022-03-18 12:00:00,1,138,overcrowded,61,93,44,16,111,28,21,,61,93
3,2022-03-19 11:00:00,2022-03-19 13:00:00,2,38,normal,57,145,43,20,343,28,119,,57,145
3,2022-03-20 00:00:00,2022-03-20 22:00:00,22,94,busy,37,93,23,1,395,5,83,,37,93
3,2022-03-21 01:00:00,2022-03-21 04:00:00,3,23,normal,70,184,35,16,181,15,169,,70,184
3,2022-03-22 08:00:00,2022-03-22 23:00:00,15,42,normal,37,50,26,10,399,4,88,,37,50
3,2022-03-23 11:00:00,2022-03-23 13:00:00,2,86,busy,59,53,42,14,312,22,255,,59,53
3,2022-03-24 09:00:00,2022-03-24 15:00:00,6,12,normal,58,88,39,10,396,33,262,,58,88
3,2022-03-25 11:00:00,2022-03-26 08:00:00,21,35,normal,95,65,66,21,545,5,107,,95,65
3,2022-03-26 09:00:00,2022-03-26 15:00:00,6,49,normal,83,148,86,18,482,48,90,,83,148
3,2022-03-27 08:00:00,2022-03-27 18:00:00,10,94,busy,55,152,52,17,129,38,39,,55,152
3,2022-03-28 08:00:00,2022-03-29 00:00:00,16,158,severely overcrowded,71,152,80,6,13,79,13,,71,152
3,2022-03-29 06:00:00,2022-03-29 08:00:00,2,149,severely overcrowded,39,90,45,11,177,25,39,,39,90
3,2022-03-30 05:00:00,2022-03-30 18:00:00,13,157,severely overcrowded,42,94,47,7,263,3,72,,42,94
3,2022-03-31 11:00:00,2022-04-01 06:00:00,19,75,busy,60,193,43,11,374,5,225,,60,193
3,2022-04-01 04:00:00,2022-04-01 07:00:00,3,73,busy,36,90,28,4,471,7,133,,36,90
3,2022-04-02 05:00:00,2022-04-02 08:00:00,3,147,severely overcrowded,79,185,40,16,514,38,19,,79,185
3,2022-04-03 08:00:00,2022-04-04 03:00:00,19,53,busy,93,113,58,9,359,14,66,,93,113
3,2022-04-04 10:00:00,2022-04-05 01:00:00,15,113,overcrowded,54,183,48,18,111,16,104,,54,183
3,2022-04-05 01:00:00,2022-04-05 11:00:00,10,67,busy,83,96,50,15,205,37,5,,83,96
3,2022-04-06 05:00:00,2022-04-06 11:00:00,6,32,normal,61,68,64,25,583,54,154,,61,68
3,2022-04-07 11:00:00,2022-04-08 02:00:00,15,50,normal,39,121,43,11,350,22,217,,39,121
3,2022-04-08 11:00:00,2022-04-08 17:00:00,6,150,severely overcrowded,95,80,77,19,108,33,122,,95,80
3,2022-04-09 00:00:00,2022-04-09 18:00:00,18,119,overcrowded,46,131,47,13,155,19,77,,46,131
3,2022-04-10 10:00:00,2022-04-10 15:00:00,5,26,normal,50,76,57,18,514,22,120,,50,76
3,2022-04-11 02:00:00,2022-04-11 15:00:00,13,120,overcrowded,91,76,95,19,13,1,160,,91,76
3,2022-04-12 00:00:00,2022-04-12 10:00:00,10,129,overcrowded,55,179,39,5,109,21,79,,55,179
3,2022-04-13 03:00:00,2022-04-14 00:00:00,21,104,overcrowded,76,86,61,16,270,25,130,,76,86
3,2022-04-14 06:00:00,2022-04-15 04:00:00,22,2,normal,98,109,54,14,75,34,10,,98,109
3,2022-04-15 09:00:00,2022-04-16 05:00:00,20,86,busy,72,85,46,17,58,24,37,,72,85
3,2022-04-16 07:00:00,2022-04-16 20:00:00,13,34,normal,61,182,56,2,258,41,81,,61,182
3,2022-04-17 00:00:00,2022-04-17 02:00:00,2,109,overcrowded,66,196,65,29,292,58,92,,66,196
3,2022-04-18 06:00:00,2022-04-18 10:00:00,4,143,severely overcrowded,33,98,25,4,474,13,157,,33,98
3,2022-04-19 01:00:00,2022-04-19 14:00:00,13,98,busy,84,81,83,33,216,12,117,,84,81
3,2022-04-20 08:00:00,2022-04-20 18:00:00,10,99,busy,76,113,39,1,206,28,133,,76,113
3,2022-04-21 09:00:00,2022-04-21 11:00:00,2,132,overcrowded,93,64,91,15,172,44,214,,93,64
3,2022-04-22 02:00:00,2022-04-22 21:00:00,19,131,overcrowded,31,156,25,4,344,0,286,,31,156
3,2022-04-23 11:00:00,2022-04-24 02:00:00,15,73,busy,74,166,70,21,136,16,13,,74,166
3,2022-04-24 02:00:00,2022-04-25 01:00:00,23,149,severely overcrowded,53,119,55,10,329,44,280,,53,119
3,2022-04-25 09:00:00,2022-04-25 23:00:00,14,166,severely overcrowded,47,132,34,4,163,4,269,,47,132
3,2022-04-26 05:00:00,2022-04-26 07:00:00,2,131,overcrowded,79,152,71,9,429,51,67,,79,152
3,2022-04-27 02:00:00,2022-04-27 15:00:00,13,11,normal,56,118,61,24,83,51,299,,56,118
3,2022-04-28 00:00:00,2022-04-28 15:00:00,15,136,overcrowded,61,99,51,21,334,12,115,,61,99
3,2022-04-29 11:00:00,2022-04-30 04:00:00,17,86,busy,45,103,51,13,237,31,293,,45,103
3,2022-04-30 06:00:00,2022-05-01 00:00:00,18,130,overcrowded,31,116,31,14,503,3,246,,31,116
3,2022-05-01 01:00:00,2022-05-02 00:00:00,23,16,normal,38,138,36,7,409,6,16,,38,138
3,2022-05-02 10:00:00,2022-05-02 15:00:00,5,13,normal,68,136,60,12,499,54,285,,68,136
3,2022-05-03 02:00:00,2022-05-03 06:00:00,4,36,normal,97,142,49,1,201,48,92,,97,142
3,2022-05-04 08:00:00,2022-05-05 04:00:00,20,153,severely overcrowded,97,71,66,9,518,46,283,,97,71
3,2022-05-05 06:00:00,2022-05-06 03:00:00,21,105,overcrowded,58,63,37,4,252,14,204,,58,63
3,2022-05-06 02:00:00,2022-05-06 03:00:00,1,114,overcrowded,37,123,19,6,475,1,266,,37,123
3,2022-05-07 09:00:00,2022-05-08 02:00:00,17,26,normal,94,51,88,24,29,87,73,,94,51
3,2022-05-08 00:00:00,2022-05-08 06:00:00,6,151,severely overcrowded,90,79,51,17,574,17,268,,90,79
3,2022-05-09 10:00:00,2022-05-09 16:00:00,6,117,overcrowded,96,177,57,26,359,28,278,,96,177
3,2022-05-10 08:00:00,2022-05-10 09:00:00,1,27,normal,87,196,49,19,233,44,147,,87,196
3,2022-05-11 04:00:00,2022-05-11 15:00:00,11,51,busy,55,167,46,11,477,31,65,,55,167
3,2022-05-12 07:00:00,2022-05-12 09:00:00,2,104,overcrowded,97,78,61,0,413,58,203,,97,78
3,2022-05-13 06:00:00,2022-05-13 20:00:00,14,148,severely overcrowded,45,172,35,16,280,2,166,,45,172
3,2022-05-14 03:00:00,2022-05-14 17:00:00,14,163,severely overcrowded,97,139,58,25,23,27,179,,97,139
3,2022-05-15 00:00:00,2022-05-15 09:00:00,9,22,normal,82,91,70,34,500,4,105,,82,91
3,2022-05-16 09:00:00,2022-05-16 15:00:00,6,37,normal,67,121,66,11,535,22,194,,67,121
3,2022-05-17 04:00:00,2022-05-17 20:00:00,16,114,overcrowded,88,67,51,0,118,7,205,,88,67
3,2022-05-18 09:00:00,2022-05-18 17:00:00,8,148,severely overcrowded,78,198,86,20,410,81,225,,78,198
3,2022-05-19 03:00:00,2022-05-19 08:00:00,5,66,busy,42,120,23,6,61,2,70,,42,120
3,2022-05-20 10:00:00,2022-05-21 01:00:00,15,174,severely overcrowded,96,128,85,40,264,7,200,,96,128
3,2022-05-21 07:00:00,2022-05-21 23:00:00,16,65,busy,82,92,56,11,482,44,114,,82,92
3,2022-05-22 07:00:00,2022-05-23 06:00:00,23,44,normal,97,171,75,26,188,69,208,,97,171
3,2022-05-23 06:00:00,2022-05-23 23:00:00,17,139,overcrowded,81,110,40,5,93,26,189,,81,110
3,2022-05-24 00:00:00,2022-05-24 20:00:00,20,43,normal,40,122,40,2,579,20,250,,40,122
3,2022-05-25 09:00:00,2022-05-26 06:00:00,21,14,normal,86,84,83,18,443,48,108,,86,84
3,2022-05-26 02:00:00,2022-05-26 05:00:00,3,115,overcrowded,60,159,63,20,319,17,208,,60,159
3,2022-05-27 02:00:00,2022-05-27 08:00:00,6,127,overcrowded,48,160,40,0,161,30,12,,48,160
3,2022-05-28 06:00:00,2022-05-28 18:00:00,12,33,normal,59,149,57,0,546,37,38,,59,149
3,2022-05-29 04:00:00,2022-05-29 23:00:00,19,53,busy,85,101,57,11,324,9,262,,85,101
3,2022-05-30 08:00:00,2022-05-30 10:00:00,2,79,busy,80,183,72,16,285,17,294,,80,183
3,2022-05-31 00:00:00,2022-05-31 08:00:00,8,4,normal,53,110,41,10,388,38,36,,53,110
3,2022-06-01 11:00:00,2022-06-01 20:00:00,9,37,normal,39,77,42,10,58,22,55,,39,77
4,2022-01-01 06:00:00,2022-01-02 04:00:00,22,33,normal,82,71,58,11,549,10,228,,82,71
4,2022-01-02 04:00:00,2022-01-02 09:00:00,5,108,overcrowded,95,195,63,4,516,5,292,,95,195
4,2022-01-03 04:00:00,2022-01-04 03:00:00,23,64,busy,75,71,38,5,511,13,15,,75,71
4,2022-01-04 01:00:00,2022-01-04 16:00:00,15,125,overcrowded,51,53,56,8,160,45,180,,51,53
4,2022-01-05 07:00:00,2022-01-06 04:00:00,21,107,overcrowded,46,188,28,4,74,11,79,,46,188
4,2022-01-06 05:00:00,2022-01-06 22:00:00,17,138,overcrowded,44,92,24,7,471,16,9,,44,92
4,2022-01-07 08:00:00,2022-01-07 20:00:00,12,36,normal,95,77,101,29,124,52,93,,95,77
4,2022-01-08 08:00:00,2022-01-08 19:00:00,11,44,normal,77,60,40,0,155,3,139,,77,60
4,2022-01-09 08:00:00,2022-01-09 22:00:00,14,141,severely overcrowded,58,91,55,8,457,24,14,,58,91
4,2022-01-10 04:00:00,2022-01-10 16:00:00,12,157,severely overcrowded,74,67,58,0,413,10,254,,74,67
4,2022-01-11 01:00:00,2022-01-11 13:00:00,12,22,normal,39,59,47,20,455,41,168,,39,59
4,2022-01-12 05:00:00,2022-01-12 14:00:00,9,15,normal,66,156,50,2,242,6,96,,66,156
4,2022-01-13 02:00:00,2022-01-13 09:00:00,7,40,normal,82,68,63,3,201,28,110,,82,68
4,2022-01-14 05:00:00,2022-01-14 13:00:00,8,180,severely overcrowded,75,111,77,9,145,11,213,,75,111
4,2022-01-15 04:00:00,2022-01-15 06:00:00,2,147,severely overcrowded,31,191,35,15,445,9,249,,31,191
4,2022-01-16 03:00:00,2022-01-16 16:00:00,13,9,normal,76,123,52,25,146,40,36,,76,123
4,2022-01-17 04:00:00,2022-01-17 21:00:00,17,159,severely overcrowded,32,85,32,1,444,23,181,,32,85
4,2022-01-18 01:00:00,2022-01-18 13:00:00,12,26,normal,77,94,82,0,147,28,178,,77,94
4,2022-01-19 03:00:00,2022-01-19 04:00:00,1,158,severely overcrowded,82,188,50,0,467,20,77,,82,188
4,2022-01-20 08:00:00,2022-01-20 14:00:00,6,77,busy,78,84,46,7,211,40,81,,78,84
4,2022-01-21 10:00:00,2022-01-22 09:00:00,23,47,normal,38,199,28,12,168,10,139,,38,199
4,2022-01-22 11:00:00,2022-01-22 15:00:00,4,127,overcrowded,39,63,36,15,506,5,22,,39,63
4,2022-01-23 01:00:00,2022-01-23 12:00:00,11,114,overcrowded,81,95,48,4,295,22,134,,81,95
4,2022-01-24 09:00:00,2022-01-24 12:00:00,3,134,overcrowded,67,79,71,26,73,61,90,,67,79
4,2022-01-25 01:00:00,2022-01-25 16:00:00,15,109,overcrowded,45,115,32,5,18,16,172,,45,115
4,2022-01-26 04:00:00,2022-01-26 23:00:00,19,177,severely overcrowded,98,102,50,24,539,20,264,,98,102
4,2022-01-27 06:00:00,2022-01-27 22:00:00,16,90,busy,61,105,55,7,339,29,237,,61,105
4,2022-01-28 03:00:00,2022-01-28 07:00:00,4,58,busy,96,101,104,14,435,18,158,,96,101
4,2022-01-29 05:00:00,2022-01-29 09:00:00,4,77,busy,31,160,31,3,211,12,199,,31,160
4,2022-01-30 08:00:00,2022-01-31 03:00:00,19,91,busy,78,59,60,9,572,17,229,,78,59
4,2022-01-31 09:00:00,2022-02-01 07:00:00,22,140,overcrowded,48,65,39,14,343,10,206,,48,65
4,2022-02-01 10:00:00,2022-02-02 06:00:00,20,129,overcrowded,85,199,64,8,426,7,141,,85,199
4,2022-02-02 08:00:00,2022-02-02 16:00:00,8,57,busy,36,73,43,7,457,10,184,,36,73
4,2022-02-03 07:00:00,2022-02-03 11:00:00,4,106,overcrowded,55,150,59,15,111,13,51,,55,150
4,2022-02-04 04:00:00,2022-02-04 22:00:00,18,113,overcrowded,86,112,45,15,273,8,120,,86,112
4,2022-02-05 09:00:00,2022-02-05 21:00:00,12,113,overcrowded,50,151,29,0,121,14,138,,50,151
4,2022-02-06 01:00:00,2022-02-06 09:00:00,8,16,normal,91,102,50,14,35,2,211,,91,102
4,2022-02-07 09:00:00,2022-02-07 14:00:00,5,46,normal,33,75,35,3,333,24,16,,33,75
4,2022-02-08 03:00:00,2022-02-08 19:00:00,16,32,normal,85,52,72,17,525,5,158,,85,52
4,2022-02-09 07:00:00,2022-02-09 12:00:00,5,50,normal,34,190,23,5,571,1,235,,34,190
4,2022-02-10 06:00:00,2022-02-10 23:00:00,17,102,overcrowded,72,186,63,30,113,55,94,,72,186
4,2022-02-11 09:00:00,2022-02-11 18:00:00,9,115,overcrowded,41,51,44,18,519,38,132,,41,51
4,2022-02-12 04:00:00,2022-02-13 03:00:00,23,178,severely overcrowded,30,142,30,13,510,9,194,,30,142
4,2022-02-13 11:00:00,2022-02-14 03:00:00,16,147,severely overcrowded,41,86,29,2,71,3,27,,41,86
4,2022-02-14 00:00:00,2022-02-14 08:00:00,8,156,severely overcrowded,52,125,43,7,568,39,207,,52,125
4,2022-02-15 05:00:00,2022-02-16 04:00:00,23,45,normal,34,107,29,13,388,12,68,,34,107
4,2022-02-16 06:00:00,2022-02-16 22:00:00,16,31,normal,56,95,50,19,412,39,279,,56,95
4,2022-02-17 05:00:00,2022-02-17 10:00:00,5,90,busy,75,172,62,0,428,4,114,,75,172
4,2022-02-18 02:00:00,2022-02-18 11:00:00,9,94,busy,72,95,50,14,531,13,280,,72,95
4,2022-02-19 04:00:00,2022-02-19 18:00:00,14,24,normal,34,155,29,0,328,10,52,,34,155
4,2022-02-20 03:00:00,2022-02-20 08:00:00,5,180,severely overcrowded,83,152,44,21,540,34,174,,83,152
4,2022-02-21 08:00:00,2022-02-21 13:00:00,5,36,normal,89,172,76,9,212,39,104,,89,172
4,2022-02-22 00:00:00,2022-02-22 20:00:00,20,73,busy,88,115,66,3,369,7,202,,88,115
4,2022-02-23 10:00:00,2022-02-23 16:00:00,6,38,normal,80,99,88,6,452,80,190,,80,99
4,2022-02-24 07:00:00,2022-02-24 19:00:00,12,170,severely overcrowded,67,95,50,12,293,7,78,,67,95
4,2022-02-25 07:00:00,2022-02-26 00:00:00,17,0,normal,37,64,38,7,541,19,225,,37,64
4,2022-02-26 06:00:00,2022-02-26 07:00:00,1,37,normal,87,105,62,28,527,4,14,,87,105
4,2022-02-27 06:00:00,2022-02-27 20:00:00,14,133,overcrowded,86,156,56,14,325,32,51,,86,156
4,2022-02-28 03:00:00,2022-03-01 02:00:00,23,18,normal,41,123,43,7,417,40,283,,41,123
4,2022-03-01 10:00:00,2022-03-02 01:00:00,15,11,normal,58,141,58,20,469,24,197,,58,141
4,2022-03-02 05:00:00,2022-03-02 22:00:00,17,128,overcrowded,52,174,58,18,447,26,193,,52,174
4,2022-03-03 05:00:00,2022-03-03 17:00:00,12,29,normal,84,57,50,5,179,26,66,,84,57
4,2022-03-04 06:00:00,2022-03-04 09:00:00,3,95,busy,73,95,56,19,16,39,230,,73,95
4,2022-03-05 11:00:00,2022-03-06 07:00:00,20,109,overcrowded,72,89,80,26,237,7,37,,72,89
4,2022-03-06 11:00:00,2022-03-07 01:00:00,14,58,busy,30,110,15,3,158,5,122,,30,110
4,2022-03-07 10:00:00,2022-03-08 05:00:00,19,168,severely overcrowded,36,197,30,2,172,23,198,,36,197
4,2022-03-08 08:00:00,2022-03-08 23:00:00,15,65,busy,94,154,92,17,203,25,143,,94,154
4,2022-03-09 01:00:00,2022-03-09 07:00:00,6,47,normal,72,155,42,12,520,21,226,,72,155
4,2022-03-10 08:00:00,2022-03-10 15:00:00,7,111,overcrowded,52,133,46,9,563,37,184,,52,133
4,2022-03-11 08:00:00,2022-03-12 02:00:00,18,104,overcrowded,90,67,53,4,354,37,31,,90,67
4,2022-03-12 04:00:00,2022-03-12 07:00:00,3,113,overcrowded,77,78,44,17,598,4,165,,77,78
4,2022-03-13 00:00:00,2022-03-13 06:00:00,6,141,severely overcrowded,94,176,59,8,123,20,114,,94,176
4,2022-03-14 02:00:00,2022-03-14 18:00:00,16,48,normal,60,170,38,11,188,35,166,,60,170
4,2022-03-15 04:00:00,2022-03-16 00:00:00,20,105,overcrowded,31,156,37,10,272,2,69,,31,156
4,2022-03-16 00:00:00,2022-03-16 15:00:00,15,153,severely overcrowded,76,66,48,3,101,17,103,,76,66
4,2022-03-17 00:00:00,2022-03-17 02:00:00,2,42,normal,69,171,48,2,531,42,204,,69,171
4,2022-03-18 07:00:00,2022-03-18 23:00:00,16,140,overcrowded,34,57,36,5,472,29,133,,34,57
4,2022-03-19 01:00:00,2022-03-19 03:00:00,2,102,overcrowded,94,67,55,7,525,0,256,,94,67
4,2022-03-20 09:00:00,2022-03-21 00:00:00,15,82,busy,86,69,81,24,334,29,55,,86,69
4,2022-03-21 04:00:00,2022-03-21 06:00:00,2,158,severely overcrowded,32,78,21,1,591,3,34,,32,78
4,2022-03-22 06:00:00,2022-03-22 07:00:00,1,150,severely overcrowded,39,121,42,18,432,37,189,,39,121
4,2022-03-23 04:00:00,2022-03-23 20:00:00,16,125,overcrowded,72,145,56,4,584,23,112,,72,145
4,2022-03-24 10:00:00,2022-03-24 18:00:00,8,106,overcrowded,58,121,40,18,581,9,51,,58,121
4,2022-03-25 08:00:00,2022-03-25 22:00:00,14,71,busy,39,145,22,10,511,11,128,,39,145
4,2022-03-26 04:00:00,2022-03-26 05:00:00,1,97,busy,51,161,39,1,203,0,245,,51,161
4,2022-03-27 03:00:00,2022-03-27 10:00:00,7,49,normal,33,133,22,0,448,3,233,,33,133
4,2022-03-28 09:00:00,2022-03-28 13:00:00,4,84,busy,64,100,49,8,429,14,63,,64,100
4,2022-03-29 11:00:00,2022-03-29 13:00:00,2,128,overcrowded,88,110,50,18,330,31,283,,88,110
4,2022-03-30 00:00:00,2022-03-30 12:00:00,12,35,normal,85,53,56,11,154,34,15,,85,53
4,2022-03-31 11:00:00,2022-03-31 17:00:00,6,70,busy,71,189,36,8,191,4,247,,71,189
4,2022-04-01 07:00:00,2022-04-01 21:00:00,14,13,normal,90,90,94,5,572,79,262,,90,90
4,2022-04-02 11:00:00,2022-04-02 13:00:00,2,178,severely overcrowded,43,67,41,9,520,32,95,,43,67
4,2022-04-03 09:00:00,2022-04-03 22:00:00,13,0,normal,99,114,70,34,37,62,118,,99,114
4,2022-04-04 09:00:00,2022-04-04 16:00:00,7,153,severely overcrowded,51,152,32,12,202,14,270,,51,152
4,2022-04-05 01:00:00,2022-04-05 02:00:00,1,70,busy,63,143,70,32,580,58,163,,63,143
4,2022-04-06 05:00:00,2022-04-06 11:00:00,6,3,normal,75,197,55,12,431,15,74,,75,197
4,2022-04-07 08:00:00,2022-04-07 23:00:00,15,70,busy,54,135,48,13,312,36,31,,54,135
4,2022-04-08 05:00:00,2022-04-08 20:00:00,15,130,overcrowded,77,160,79,25,147,8,117,,77,160
4,2022-04-09 09:00:00,2022-04-10 07:00:00,22,38,normal,89,70,85,4,426,67,8,,89,70
4,2022-04-10 08:00:00,2022-04-11 04:00:00,20,161,severely overcrowded,47,66,39,11,448,24,19,,47,66
4,2022-04-11 05:00:00,2022-04-11 19:00:00,14,98,busy,56,139,37,7,426,28,229,,56,139
4,2022-04-12 02:00:00,2022-04-12 05:00:00,3,106,overcrowded,99,119,66,28,104,3,75,,99,119
4,2022-04-13 04:00:00,2022-04-13 11:00:00,7,2,normal,65,62,71,32,145,62,141,,65,62
4,2022-04-14 07:00:00,2022-04-15 01:00:00,18,93,busy,52,128,30,12,25,29,159,,52,128
4,2022-04-15 03:00:00,2022-04-15 05:00:00,2,166,severely overcrowded,75,176,78,14,25,10,128,,75,176
4,2022-04-16 08:00:00,2022-04-16 23:00:00,15,101,overcrowded,86,112,55,18,13,4,154,,86,112
4,2022-04-17 00:00:00,2022-04-17 09:00:00,9,10,normal,46,124,39,0,21,7,177,,46,124
4,2022-04-18 11:00:00,2022-04-19 05:00:00,18,145,severely overcrowded,88,190,75,24,324,61,104,,88,190
4,2022-04-19 11:00:00,2022-04-20 04:00:00,17,144,severely overcrowded,31,67,15,1,471,11,218,,31,67
4,2022-04-20 06:00:00,2022-04-20 17:00:00,11,133,overcrowded,82,60,56,5,315,30,118,,82,60
4,2022-04-21 09:00:00,2022-04-21 23:00:00,14,79,busy,50,161,42,17,539,36,59,,50,161
4,2022-04-22 11:00:00,2022-04-23 08:00:00,21,115,overcrowded,71,178,53,8,242,47,251,,71,178
4,2022-04-23 07:00:00,2022-04-24 04:00:00,21,104,overcrowded,54,198,43,11,60,8,49,,54,198
4,2022-04-24 03:00:00,2022-04-24 05:00:00,2,23,normal,69,93,47,16,21,29,180,,69,93
4,2022-04-25 10:00:00,2022-04-26 02:00:00,16,178,severely overcrowded,59,122,51,15,266,7,223,,59,122
4,2022-04-26 07:00:00,2022-04-26 23:00:00,16,104,overcrowded,54,143,28,13,480,18,127,,54,143
4,2022-04-27 10:00:00,2022-04-27 16:00:00,6,105,overcrowded,34,105,26,3,589,7,192,,34,105
4,2022-04-28 10:00:00,2022-04-28 15:00:00,5,180,severely overcrowded,78,164,46,15,407,6,73,,78,164
4,2022-04-29 06:00:00,2022-04-30 02:00:00,20,3,normal,36,162,37,7,476,20,215,,36,162
4,2022-04-30 02:00:00,2022-04-30 07:00:00,5,48,normal,80,139,46,1,420,22,145,,80,139
4,2022-05-01 00:00:00,2022-05-01 13:00:00,13,105,overcrowded,98,59,50,17,230,45,220,,98,59
4,2022-05-02 08:00:00,2022-05-03 01:00:00,17,123,overcrowded,84,191,71,4,195,64,163,,84,191
4,2022-05-03 11:00:00,2022-05-03 21:00:00,10,6,normal,70,62,52,12,96,27,71,,70,62
4,2022-05-04 01:00:00,2022-05-04 10:00:00,9,134,overcrowded,42,146,22,6,270,16,156,,42,146
4,2022-05-05 06:00:00,2022-05-05 19:00:00,13,77,busy,82,86,59,12,403,28,53,,82,86
4,2022-05-06 00:00:00,2022-05-06 23:00:00,23,176,severely overcrowded,98,188,104,18,47,34,104,,98,188
4,2022-05-07 11:00:00,2022-05-08 05:00:00,18,97,busy,48,105,32,2,379,4,21,,48,105
4,2022-05-08 06:00:00,2022-05-08 09:00:00,3,82,busy,61,151,57,17,313,22,33,,61,151
4,2022-05-09 04:00:00,2022-05-09 13:00:00,9,62,busy,69,195,38,13,409,2,126,,69,195
4,2022-05-10 08:00:00,2022-05-10 19:00:00,11,143,severely overcrowded,46,174,53,23,391,25,76,,46,174
4,2022-05-11 08:00:00,2022-05-12 06:00:00,22,5,normal,88,162,87,11,293,58,216,,88,162
4,2022-05-12 04:00:00,2022-05-12 23:00:00,19,131,overcrowded,67,54,48,11,479,7,156,,67,54
4,2022-05-13 08:00:00,2022-05-14 05:00:00,21,131,overcrowded,44,153,41,18,122,17,111,,44,153
4,2022-05-14 02:00:00,2022-05-15 01:00:00,23,102,overcrowded,90,110,47,17,442,39,164,,90,110
4,2022-05-15 05:00:00,2022-05-15 10:00:00,5,49,normal,72,76,48,20,257,26,66,,72,76
4,2022-05-16 05:00:00,2022-05-16 23:00:00,18,30,normal,63,129,68,1,292,41,275,,63,129
4,2022-05-17 05:00:00,2022-05-17 22:00:00,17,134,overcrowded,94,53,94,5,334,49,209,,94,53
4,2022-05-18 05:00:00,2022-05-19 00:00:00,19,81,busy,47,169,49,0,315,11,88,,47,169
4,2022-05-19 08:00:00,2022-05-20 05:00:00,21,17,normal,95,180,99,3,170,0,109,,95,180
4,2022-05-20 08:00:00,2022-05-20 09:00:00,1,128,overcrowded,74,136,47,21,234,41,19,,74,136
4,2022-05-21 07:00:00,2022-05-22 04:00:00,21,0,normal,44,168,25,8,307,9,11,,44,168
4,2022-05-22 06:00:00,2022-05-22 17:00:00,11,86,busy,72,187,79,28,429,42,239,,72,187
4,2022-05-23 02:00:00,2022-05-23 10:00:00,8,119,overcrowded,57,51,41,6,512,23,152,,57,51
4,2022-05-24 10:00:00,2022-05-25 06:00:00,20,20,normal,97,162,72,35,385,33,112,,97,162
4,2022-05-25 01:00:00,2022-05-25 09:00:00,8,38,normal,77,61,62,1,527,54,49,,77,61
4,2022-05-26 02:00:00,2022-05-26 04:00:00,2,9,normal,47,126,30,11,539,2,209,,47,126
4,2022-05-27 11:00:00,2022-05-27 20:00:00,9,92,busy,79,68,83,13,346,64,7,,79,68
4,2022-05-28 09:00:00,2022-05-28 16:00:00,7,52,busy,42,168,28,2,341,4,147,,42,168
4,2022-05-29 06:00:00,2022-05-29 11:00:00,5,112,overcrowded,99,194,80,27,483,30,227,,99,194
4,2022-05-30 11:00:00,2022-05-30 21:00:00,10,153,severely overcrowded,89,143,68,30,202,0,121,,89,143
4,2022-05-31 00:00:00,2022-05-31 05:00:00,5,159,severely overcrowded,74,111,42,8,54,15,8,,74,111
4,2022-06-01 08:00:00,2022-06-02 07:00:00,23,162,severely overcrowded,96,56,95,15,390,55,228,,96,56
5,2022-01-01 08:00:00,2022-01-01 13:00:00,5,148,severely overcrowded,136,262,99,24,172,85,245,,136,262
5,2022-01-02 02:00:00,2022-01-02 09:00:00,7,77,busy,292,387,154,50,519,100,200,,292,387
5,2022-01-03 01:00:00,2022-01-03 07:00:00,6,118,overcrowded,268,334,250,74,163,57,52,,268,334
5,2022-01-04 05:00:00,2022-01-04 18:00:00,13,25,normal,122,472,125,13,544,55,107,,122,472
5,2022-01-05 09:00:00,2022-01-05 16:00:00,7,172,severely overcrowded,207,225,151,20,425,11,68,,207,225
5,2022-01-06 04:00:00,2022-01-06 08:00:00,4,104,overcrowded,143,266,71,14,463,34,149,,143,266
5,2022-01-07 09:00:00,2022-01-08 08:00:00,23,58,busy,263,354,256,36,426,185,249,,263,354
5,2022-01-08 09:00:00,2022-01-09 08:00:00,23,158,severely overcrowded,216,487,132,10,133,130,9,,216,487
5,2022-01-09 09:00:00,2022-01-09 20:00:00,11,174,severely overcrowded,245,434,217,29,298,188,120,,245,434
5,2022-01-10 04:00:00,2022-01-10 13:00:00,9,24,normal,102,433,76,28,256,33,88,,102,433
5,2022-01-11 02:00:00,2022-01-11 14:00:00,12,142,severely overcrowded,105,224,99,48,273,13,19,,105,224
5,2022-01-12 07:00:00,2022-01-13 05:00:00,22,173,severely overcrowded,109,291,112,19,418,42,59,,109,291
5,2022-01-13 07:00:00,2022-01-13 15:00:00,8,29,normal,267,466,241,19,291,27,81,,267,466
5,2022-01-14 00:00:00,2022-01-14 20:00:00,20,20,normal,223,365,179,70,122,157,38,,223,365
5,2022-01-15 06:00:00,2022-01-15 13:00:00,7,59,busy,163,303,113,19,193,51,225,,163,303
5,2022-01-16 03:00:00,2022-01-16 13:00:00,10,171,severely overcrowded,273,334,202,67,214,199,240,,273,334
5,2022-01-17 00:00:00,2022-01-17 06:00:00,6,67,busy,243,239,159,16,26,31,73,,243,239
5,2022-01-18 08:00:00,2022-01-19 07:00:00,23,103,overcrowded,253,413,171,37,151,74,231,,253,413
5,2022-01-19 00:00:00,2022-01-19 17:00:00,17,175,severely overcrowded,248,206,178,38,557,5,8,,248,206
5,2022-01-20 03:00:00,2022-01-20 09:00:00,6,5,normal,264,291,243,12,110,60,132,,264,291
5,2022-01-21 01:00:00,2022-01-21 23:00:00,22,138,overcrowded,287,205,183,23,401,82,30,,287,205
5,2022-01-22 03:00:00,2022-01-22 09:00:00,6,33,normal,211,446,141,35,161,51,244,,211,446
5,2022-01-23 07:00:00,2022-01-23 13:00:00,6,51,busy,123,280,77,15,336,56,271,,123,280
5,2022-01-24 00:00:00,2022-01-24 04:00:00,4,105,overcrowded,247,384,173,27,449,117,116,,247,384
5,2022-01-25 05:00:00,2022-01-25 20:00:00,15,134,overcrowded,286,386,212,21,345,148,81,,286,386
5,2022-01-26 01:00:00,2022-01-26 10:00:00,9,100,busy,114,346,94,14,487,90,211,,114,346
5,2022-01-27 11:00:00,2022-01-27 12:00:00,1,121,overcrowded,149,312,74,5,368,31,116,,149,312
5,2022-01-28 05:00:00,2022-01-28 22:00:00,17,108,overcrowded,161,321,148,47,255,65,16,,161,321
5,2022-01-29 07:00:00,2022-01-30 05:00:00,22,119,overcrowded,122,306,61,14,19,23,236,,122,306
5,2022-01-30 02:00:00,2022-01-30 07:00:00,5,96,busy,163,324,105,49,522,0,208,,163,324
5,2022-01-31 06:00:00,2022-01-31 20:00:00,14,149,severely overcrowded,244,265,212,90,419,74,203,,244,265
5,2022-02-01 05:00:00,2022-02-01 16:00:00,11,134,overcrowded,286,472,148,32,58,33,172,,286,472
5,2022-02-02 11:00:00,2022-02-02 17:00:00,6,132,overcrowded,213,260,209,35,58,204,88,,213,260
5,2022-02-03 02:00:00,2022-02-03 22:00:00,20,100,busy,262,248,251,106,287,18,223,,262,248
5,2022-02-04 06:00:00,2022-02-04 19:00:00,13,138,overcrowded,102,470,70,34,305,46,116,,102,470
5,2022-02-05 01:00:00,2022-02-05 14:00:00,13,13,normal,231,438,168,50,314,30,19,,231,438
5,2022-02-06 06:00:00,2022-02-07 02:00:00,20,28,normal,260,255,169,22,135,108,70,,260,255
5,2022-02-07 03:00:00,2022-02-07 17:00:00,14,59,busy,211,200,154,49,88,151,7,,211,200
5,2022-02-08 09:00:00,2022-02-09 05:00:00,20,11,normal,293,357,263,106,378,195,27,,293,357
5,2022-02-09 04:00:00,2022-02-09 05:00:00,1,42,normal,120,246,102,43,87,99,262,,120,246
5,2022-02-10 03:00:00,2022-02-11 01:00:00,22,22,normal,149,232,77,3,574,40,120,,149,232
5,2022-02-11 05:00:00,2022-02-11 10:00:00,5,117,overcrowded,191,433,150,61,157,107,270,,191,433
5,2022-02-12 02:00:00,2022-02-12 21:00:00,19,27,normal,105,459,83,10,216,26,65,,105,459
5,2022-02-13 07:00:00,2022-02-14 00:00:00,17,126,overcrowded,130,426,82,10,68,40,124,,130,426
5,2022-02-14 01:00:00,2022-02-14 16:00:00,15,146,severely overcrowded,103,391,79,4,259,30,24,,103,391
5,2022-02-15 11:00:00,2022-02-16 03:00:00,16,128,overcrowded,116,371,91,0,442,86,210,,116,371
5,2022-02-16 10:00:00,2022-02-17 06:00:00,20,44,normal,117,463,107,36,297,1,177,,117,463
5,2022-02-17 05:00:00,2022-02-18 03:00:00,22,105,overcrowded,281,214,278,129,394,129,276,,281,214
5,2022-02-18 01:00:00,2022-02-18 04:00:00,3,130,overcrowded,203,271,138,11,407,95,275,,203,271
5,2022-02-19 01:00:00,2022-02-19 13:00:00,12,63,busy,251,235,158,4,576,66,187,,251,235
5,2022-02-20 04:00:00,2022-02-20 18:00:00,14,28,normal,251,267,206,64,484,18,142,,251,267
5,2022-02-21 08:00:00,2022-02-21 09:00:00,1,56,busy,248,291,176,26,348,80,81,,248,291
5,2022-02-22 01:00:00,2022-02-22 07:00:00,6,101,overcrowded,213,275,115,38,591,15,17,,213,275
5,2022-02-23 07:00:00,2022-02-24 04:00:00,21,168,severely overcrowded,211,475,206,97,376,179,210,,211,475
5,2022-02-24 09:00:00,2022-02-24 17:00:00,8,159,severely overcrowded,181,305,160,0,336,133,80,,181,305
5,2022-02-25 02:00:00,2022-02-25 08:00:00,6,174,severely overcrowded,174,384,113,2,298,7,83,,174,384
5,2022-02-26 08:00:00,2022-02-26 14:00:00,6,138,overcrowded,194,229,145,51,480,44,35,,194,229
5,2022-02-27 01:00:00,2022-02-27 03:00:00,2,87,busy,206,463,120,37,226,90,74,,206,463
5,2022-02-28 01:00:00,2022-02-28 13:00:00,12,92,busy,109,210,116,13,294,55,266,,109,210
5,2022-03-01 10:00:00,2022-03-02 04:00:00,18,83,busy,201,434,173,5,584,138,221,,201,434
5,2022-03-02 11:00:00,2022-03-03 00:00:00,13,76,busy,280,267,162,7,197,14,212,,280,267
5,2022-03-03 02:00:00,2022-03-03 05:00:00,3,88,busy,232,230,135,29,203,134,278,,232,230
5,2022-03-04 01:00:00,2022-03-05 00:00:00,23,128,overcrowded,233,415,155,5,162,66,181,,233,415
5,2022-03-05 10:00:00,2022-03-06 03:00:00,17,138,overcrowded,164,413,86,36,133,21,247,,164,413
5,2022-03-06 02:00:00,2022-03-06 18:00:00,16,109,overcrowded,135,429,119,56,511,19,37,,135,429
5,2022-03-07 07:00:00,2022-03-07 23:00:00,16,114,overcrowded,129,270,77,5,127,0,174,,129,270
5,2022-03-08 03:00:00,2022-03-08 22:00:00,19,73,busy,232,331,211,36,414,61,291,,232,331
5,2022-03-09 06:00:00,2022-03-09 16:00:00,10,113,overcrowded,259,289,200,13,414,98,76,,259,289
5,2022-03-10 03:00:00,2022-03-10 19:00:00,16,4,normal,172,273,98,36,308,62,27,,172,273
5,2022-03-11 01:00:00,2022-03-11 07:00:00,6,168,severely overcrowded,113,202,85,40,132,59,50,,113,202
5,2022-03-12 01:00:00,2022-03-12 07:00:00,6,64,busy,102,204,55,24,45,27,201,,102,204
5,2022-03-13 08:00:00,2022-03-14 03:00:00,19,54,busy,238,435,151,60,88,102,165,,238,435
5,2022-03-14 09:00:00,2022-03-15 04:00:00,19,131,overcrowded,167,222,88,17,175,62,37,,167,222
5,2022-03-15 11:00:00,2022-03-15 12:00:00,1,56,busy,187,346,167,27,194,157,78,,187,346
5,2022-03-16 11:00:00,2022-03-16 18:00:00,7,40,normal,159,370,133,8,323,30,206,,159,370
5,2022-03-17 02:00:00,2022-03-17 04:00:00,2,176,severely overcrowded,168,290,92,26,30,80,274,,168,290
5,2022-03-18 00:00:00,2022-03-18 12:00:00,12,92,busy,112,387,105,47,557,37,287,,112,387
5,2022-03-19 01:00:00,2022-03-19 02:00:00,1,96,busy,274,444,185,78,79,11,86,,274,444
5,2022-03-20 11:00:00,2022-03-21 04:00:00,17,22,normal,275,487,215,9,289,117,35,,275,487
5,2022-03-21 01:00:00,2022-03-21 08:00:00,7,82,busy,142,405,75,2,82,65,229,,142,405
5,2022-03-22 02:00:00,2022-03-22 17:00:00,15,149,severely overcrowded,153,208,129,9,84,111,93,,153,208
5,2022-03-23 02:00:00,2022-03-23 18:00:00,16,103,overcrowded,215,253,149,32,433,106,43,,215,253
5,2022-03-24 11:00:00,2022-03-24 21:00:00,10,52,busy,259,451,258,23,342,145,203,,259,451
5,2022-03-25 02:00:00,2022-03-25 19:00:00,17,32,normal,195,293,175,28,193,170,93,,195,293
5,2022-03-26 00:00:00,2022-03-26 07:00:00,7,9,normal,253,495,131,55,484,108,184,,253,495
5,2022-03-27 04:00:00,2022-03-27 18:00:00,14,122,overcrowded,161,236,97,43,338,58,32,,161,236
5,2022-03-28 01:00:00,2022-03-28 09:00:00,8,147,severely overcrowded,100,386,86,3,58,14,163,,100,386
5,2022-03-29 03:00:00,2022-03-29 21:00:00,18,149,severely overcrowded,174,486,139,41,80,50,166,,174,486
5,2022-03-30 04:00:00,2022-03-30 08:00:00,4,130,overcrowded,221,485,134,15,16,97,109,,221,485
5,2022-03-31 01:00:00,2022-03-31 10:00:00,9,174,severely overcrowded,209,293,206,59,96,70,134,,209,293
5,2022-04-01 08:00:00,2022-04-01 09:00:00,1,144,severely overcrowded,231,272,129,28,467,78,276,,231,272
5,2022-04-02 06:00:00,2022-04-02 07:00:00,1,0,normal,240,396,244,114,253,2,44,,240,396
5,2022-04-03 06:00:00,2022-04-03 12:00:00,6,91,busy,115,284,118,19,437,80,259,,115,284
5,2022-04-04 05:00:00,2022-04-04 19:00:00,14,104,overcrowded,288,419,286,27,521,138,193,,288,419
5,2022-04-05 07:00:00,2022-04-05 11:00:00,4,105,overcrowded,202,332,107,4,541,33,184,,202,332
5,2022-04-06 00:00:00,2022-04-06 07:00:00,7,119,overcrowded,118,316,63,29,360,10,89,,118,316
5,2022-04-07 08:00:00,2022-04-07 09:00:00,1,103,overcrowded,211,478,185,0,208,99,240,,211,478
5,2022-04-08 05:00:00,2022-04-08 20:00:00,15,16,normal,152,485,101,14,150,72,207,,152,485
5,2022-04-09 10:00:00,2022-04-09 11:00:00,1,11,normal,255,400,263,118,447,3,16,,255,400
5,2022-04-10 08:00:00,2022-04-10 23:00:00,15,114,overcrowded,191,270,112,23,97,39,149,,191,270
5,2022-04-11 07:00:00,2022-04-11 15:00:00,8,179,severely overcrowded,124,439,90,27,118,4,247,,124,439
5,2022-04-12 03:00:00,2022-04-12 13:00:00,10,112,overcrowded,133,321,99,0,515,97,111,,133,321
5,2022-04-13 05:00:00,2022-04-13 10:00:00,5,14,normal,298,384,212,20,585,32,195,,298,384
5,2022-04-14 09:00:00,2022-04-15 05:00:00,20,118,overcrowded,158,358,130,36,34,35,60,,158,358
5,2022-04-15 00:00:00,2022-04-15 03:00:00,3,57,busy,263,385,232,17,395,126,16,,263,385
5,2022-04-16 03:00:00,2022-04-16 08:00:00,5,46,normal,206,451,112,34,337,52,124,,206,451
5,2022-04-17 02:00:00,2022-04-18 00:00:00,22,77,busy,234,431,148,25,149,48,272,,234,431
5,2022-04-18 11:00:00,2022-04-18 14:00:00,3,119,overcrowded,203,253,147,43,432,36,293,,203,253
5,2022-04-19 09:00:00,2022-04-20 01:00:00,16,130,overcrowded,137,340,74,32,222,36,109,,137,340
5,2022-04-20 02:00:00,2022-04-20 09:00:00,7,76,busy,209,206,117,41,492,91,152,,209,206
5,2022-04-21 08:00:00,2022-04-21 21:00:00,13,19,normal,271,451,244,43,187,228,37,,271,451
5,2022-04-22 05:00:00,2022-04-22 21:00:00,16,32,normal,208,236,158,58,164,104,228,,208,236
5,2022-04-23 10:00:00,2022-04-23 22:00:00,12,171,severely overcrowded,149,288,106,37,134,77,137,,149,288
5,2022-04-24 11:00:00,2022-04-25 01:00:00,14,131,overcrowded,282,319,263,1,411,176,60,,282,319
5,2022-04-25 07:00:00,2022-04-26 03:00:00,20,67,busy,253,367,162,15,98,41,118,,253,367
5,2022-04-26 11:00:00,2022-04-26 13:00:00,2,32,normal,209,394,119,37,412,86,110,,209,394
5,2022-04-27 11:00:00,2022-04-28 07:00:00,20,37,normal,231,311,183,30,386,18,262,,231,311
5,2022-04-28 01:00:00,2022-04-28 05:00:00,4,0,normal,116,324,87,8,66,31,183,,116,324
5,2022-04-29 08:00:00,2022-04-29 09:00:00,1,37,normal,152,345,77,1,17,19,278,,152,345
5,2022-04-30 04:00:00,2022-04-30 21:00:00,17,140,overcrowded,155,396,163,66,81,126,70,,155,396
5,2022-05-01 09:00:00,2022-05-02 01:00:00,16,136,overcrowded,166,205,105,17,552,67,136,,166,205
5,2022-05-02 09:00:00,2022-05-02 14:00:00,5,17,normal,111,415,90,28,11,13,276,,111,415
5,2022-05-03 07:00:00,2022-05-03 21:00:00,14,146,severely overcrowded,181,448,112,22,137,92,95,,181,448
5,2022-05-04 03:00:00,2022-05-04 11:00:00,8,23,normal,166,426,99,25,511,65,191,,166,426
5,2022-05-05 07:00:00,2022-05-05 10:00:00,3,1,normal,166,384,166,37,585,17,27,,166,384
5,2022-05-06 10:00:00,2022-05-06 14:00:00,4,39,normal,152,238,136,48,543,54,97,,152,238
5,2022-05-07 03:00:00,2022-05-07 08:00:00,5,89,busy,188,479,165,7,427,157,37,,188,479
5,2022-05-08 04:00:00,2022-05-08 21:00:00,17,172,severely overcrowded,241,300,200,25,245,154,180,,241,300
5,2022-05-09 11:00:00,2022-05-10 05:00:00,18,68,busy,123,364,121,27,218,39,35,,123,364
5,2022-05-10 09:00:00,2022-05-10 22:00:00,13,36,normal,272,351,184,7,62,16,26,,272,351
5,2022-05-11 04:00:00,2022-05-11 11:00:00,7,156,severely overcrowded,237,219,205,51,178,170,156,,237,219
5,2022-05-12 01:00:00,2022-05-12 05:00:00,4,124,overcrowded,143,264,95,22,313,33,242,,143,264
5,2022-05-13 01:00:00,2022-05-13 11:00:00,10,75,busy,110,349,86,1,133,8,183,,110,349
5,2022-05-14 10:00:00,2022-05-14 12:00:00,2,11,normal,136,342,85,6,57,24,36,,136,342
5,2022-05-15 04:00:00,2022-05-16 02:00:00,22,112,overcrowded,278,203,260,57,267,149,227,,278,203
5,2022-05-16 11:00:00,2022-05-17 00:00:00,13,111,overcrowded,283,435,153,6,555,54,170,,283,435
5,2022-05-17 10:00:00,2022-05-18 07:00:00,21,179,severely overcrowded,203,353,211,59,351,143,43,,203,353
5,2022-05-18 10:00:00,2022-05-18 21:00:00,11,169,severely overcrowded,113,362,116,57,332,85,191,,113,362
5,2022-05-19 08:00:00,2022-05-19 23:00:00,15,29,normal,264,387,202,12,454,125,45,,264,387
5,2022-05-20 00:00:00,2022-05-20 08:00:00,8,38,normal,189,497,96,31,66,20,86,,189,497
5,2022-05-21 08:00:00,2022-05-21 17:00:00,9,7,normal,204,377,189,72,387,32,209,,204,377
5,2022-05-22 03:00:00,2022-05-22 19:00:00,16,57,busy,299,388,242,66,414,219,279,,299,388
5,2022-05-23 00:00:00,2022-05-23 19:00:00,19,152,severely overcrowded,288,437,226,75,506,149,245,,288,437
5,2022-05-24 03:00:00,2022-05-24 17:00:00,14,160,severely overcrowded,156,403,83,40,349,6,91,,156,403
5,2022-05-25 06:00:00,2022-05-25 16:00:00,10,9,normal,285,468,164,74,176,94,221,,285,468
5,2022-05-26 08:00:00,2022-05-26 21:00:00,13,115,overcrowded,255,375,165,18,576,94,261,,255,375
5,2022-05-27 06:00:00,2022-05-27 18:00:00,12,126,overcrowded,168,382,144,4,397,19,291,,168,382
5,2022-05-28 02:00:00,2022-05-28 23:00:00,21,33,normal,122,486,75,20,364,12,206,,122,486
5,2022-05-29 07:00:00,2022-05-29 15:00:00,8,65,busy,109,390,77,23,192,52,180,,109,390
5,2022-05-30 06:00:00,2022-05-31 02:00:00,20,38,normal,249,478,226,109,113,35,216,,249,478
5,2022-05-31 00:00:00,2022-05-31 17:00:00,17,134,overcrowded,235,307,199,60,438,154,123,,235,307
5,2022-06-01 09:00:00,2022-06-01 15:00:00,6,162,severely overcrowded,202,243,111,47,549,29,181,,202,243
6,2022-01-01 01:00:00,2022-01-01 16:00:00,15,152,severely overcrowded,206,402,190,74,124,165,83,,206,402
6,2022-01-02 06:00:00,2022-01-03 01:00:00,19,69,busy,112,212,58,17,103,15,193,,112,212
6,2022-01-03 08:00:00,2022-01-03 11:00:00,3,28,normal,246,329,237,3,33,75,130,,246,329
6,2022-01-04 01:00:00,2022-01-04 09:00:00,8,104,overcrowded,111,323,81,6,549,19,234,,111,323
6,2022-01-05 00:00:00,2022-01-05 10:00:00,10,31,normal,108,337,107,20,112,58,218,,108,337
6,2022-01-06 03:00:00,2022-01-06 18:00:00,15,89,busy,273,280,280,18,187,5,236,,273,280
6,2022-01-07 09:00:00,2022-01-07 16:00:00,7,0,normal,215,299,120,33,149,33,295,,215,299
6,2022-01-08 10:00:00,2022-01-08 18:00:00,8,57,busy,286,462,191,56,54,128,20,,286,462
6,2022-01-09 09:00:00,2022-01-09 11:00:00,2,108,overcrowded,165,304,111,9,465,88,252,,165,304
6,2022-01-10 11:00:00,2022-01-11 07:00:00,20,50,normal,194,464,155,23,518,87,17,,194,464
6,2022-01-11 04:00:00,2022-01-11 22:00:00,18,32,normal,171,201,143,66,76,63,265,,171,201
6,2022-01-12 08:00:00,2022-01-12 11:00:00,3,100,busy,282,480,256,11,481,103,50,,282,480
6,2022-01-13 04:00:00,2022-01-13 20:00:00,16,77,busy,249,267,203,82,142,124,99,,249,267
6,2022-01-14 00:00:00,2022-01-14 01:00:00,1,88,busy,118,406,99,4,512,41,187,,118,406
6,2022-01-15 06:00:00,2022-01-15 21:00:00,15,32,normal,145,343,134,45,435,71,114,,145,343
6,2022-01-16 02:00:00,2022-01-16 14:00:00,12,18,normal,184,492,154,33,582,43,256,,184,492
6,2022-01-17 06:00:00,2022-01-18 03:00:00,21,66,busy,228,331,205,60,389,149,162,,228,331
6,2022-01-18 11:00:00,2022-01-19 04:00:00,17,23,normal,155,358,147,1,584,84,120,,155,358
6,2022-01-19 00:00:00,2022-01-19 15:00:00,15,128,overcrowded,184,290,135,33,215,2,201,,184,290
6,2022-01-20 04:00:00,2022-01-20 11:00:00,7,39,normal,262,454,179,6,248,109,83,,262,454
6,2022-01-21 05:00:00,2022-01-21 19:00:00,14,101,overcrowded,203,374,170,65,461,110,167,,203,374
6,2022-01-22 09:00:00,2022-01-22 10:00:00,1,22,normal,177,286,143,56,167,66,160,,177,286
6,2022-01-23 09:00:00,2022-01-24 07:00:00,22,107,overcrowded,163,219,154,31,42,58,210,,163,219
6,2022-01-24 04:00:00,2022-01-24 22:00:00,18,35,normal,129,463,136,64,500,18,104,,129,463
6,2022-01-25 00:00:00,2022-01-25 03:00:00,3,48,normal,149,490,130,41,518,120,119,,149,490
6,2022-01-26 11:00:00,2022-01-26 18:00:00,7,175,severely overcrowded,189,203,124,44,268,36,287,,189,203
6,2022-01-27 04:00:00,2022-01-28 01:00:00,21,113,overcrowded,226,220,156,56,370,144,153,,226,220
6,2022-01-28 06:00:00,2022-01-29 02:00:00,20,81,busy,259,255,215,80,584,96,11,,259,255
6,2022-01-29 05:00:00,2022-01-29 07:00:00,2,70,busy,238,459,187,10,117,53,202,,238,459
6,2022-01-30 07:00:00,2022-01-30 22:00:00,15,112,overcrowded,226,275,182,84,300,26,157,,226,275
6,2022-01-31 05:00:00,2022-02-01 00:00:00,19,147,severely overcrowded,129,370,77,10,357,10,195,,129,370
6,2022-02-01 08:00:00,2022-02-02 06:00:00,22,168,severely overcrowded,146,411,119,48,581,46,184,,146,411
6,2022-02-02 03:00:00,2022-02-03 00:00:00,21,109,overcrowded,160,234,91,8,574,67,195,,160,234
6,2022-02-03 03:00:00,2022-02-03 04:00:00,1,68,busy,120,278,85,33,221,21,298,,120,278
6,2022-02-04 09:00:00,2022-02-04 15:00:00,6,120,overcrowded,266,396,204,14,277,57,220,,266,396
6,2022-02-05 05:00:00,2022-02-05 08:00:00,3,92,busy,245,479,160,59,493,154,270,,245,479
6,2022-02-06 05:00:00,2022-02-06 08:00:00,3,98,busy,213,290,122,47,80,43,69,,213,290
6,2022-02-07 05:00:00,2022-02-07 16:00:00,11,77,busy,285,435,159,70,518,149,269,,285,435
6,2022-02-08 02:00:00,2022-02-08 07:00:00,5,131,overcrowded,181,370,130,52,92,129,264,,181,370
6,2022-02-09 04:00:00,2022-02-09 15:00:00,11,19,normal,210,339,194,77,175,39,31,,210,339
6,2022-02-10 01:00:00,2022-02-10 06:00:00,5,120,overcrowded,101,273,70,25,108,15,111,,101,273
6,2022-02-11 08:00:00,2022-02-11 13:00:00,5,2,normal,115,302,62,9,398,11,65,,115,302
6,2022-02-12 11:00:00,2022-02-13 10:00:00,23,140,overcrowded,128,469,114,9,485,45,133,,128,469
6,2022-02-13 02:00:00,2022-02-13 21:00:00,19,88,busy,188,346,196,91,506,105,122,,188,346
6,2022-02-14 05:00:00,2022-02-14 14:00:00,9,93,busy,169,383,108,19,170,46,89,,169,383
6,2022-02-15 02:00:00,2022-02-15 13:00:00,11,40,normal,141,333,113,7,18,37,45,,141,333
6,2022-02-16 05:00:00,2022-02-16 09:00:00,4,119,overcrowded,226,456,145,68,167,38,295,,226,456
6,2022-02-17 02:00:00,2022-02-17 21:00:00,19,99,busy,266,406,156,71,458,76,90,,266,406
6,2022-02-18 03:00:00,2022-02-18 19:00:00,16,149,severely overcrowded,280,306,259,34,431,238,109,,280,306
6,2022-02-19 08:00:00,2022-02-19 22:00:00,14,163,severely overcrowded,149,461,151,15,18,100,123,,149,461
6,2022-02-20 04:00:00,2022-02-20 06:00:00,2,32,normal,185,409,99,34,92,94,231,,185,409
6,2022-02-21 02:00:00,2022-02-21 07:00:00,5,100,busy,264,238,208,12,36,48,69,,264,238
6,2022-02-22 11:00:00,2022-02-23 09:00:00,22,103,overcrowded,207,307,112,2,187,48,205,,207,307
6,2022-02-23 07:00:00,2022-02-23 21:00:00,14,10,normal,145,207,150,33,580,129,86,,145,207
6,2022-02-24 08:00:00,2022-02-25 04:00:00,20,112,overcrowded,100,286,102,25,531,70,42,,100,286
6,2022-02-25 10:00:00,2022-02-25 16:00:00,6,71,busy,216,358,220,87,193,38,235,,216,358
6,2022-02-26 11:00:00,2022-02-26 18:00:00,7,172,severely overcrowded,154,463,113,47,120,58,124,,154,463
6,2022-02-27 03:00:00,2022-02-27 23:00:00,20,123,overcrowded,232,345,188,17,267,13,105,,232,345
6,2022-02-28 01:00:00,2022-02-28 20:00:00,19,170,severely overcrowded,170,257,137,16,579,21,103,,170,257
6,2022-03-01 06:00:00,2022-03-01 07:00:00,1,15,normal,251,282,163,71,567,66,248,,251,282
6,2022-03-02 09:00:00,2022-03-02 22:00:00,13,58,busy,280,335,169,56,223,5,204,,280,335
6,2022-03-03 03:00:00,2022-03-03 19:00:00,16,157,severely overcrowded,294,398,163,55,234,160,297,,294,398
6,2022-03-04 11:00:00,2022-03-05 08:00:00,21,103,overcrowded,145,451,83,12,146,33,125,,145,451
6,2022-03-05 07:00:00,2022-03-05 12:00:00,5,98,busy,231,434,161,1,572,36,275,,231,434
6,2022-03-06 06:00:00,2022-03-06 17:00:00,11,67,busy,112,490,102,36,66,68,228,,112,490
6,2022-03-07 06:00:00,2022-03-08 04:00:00,22,64,busy,288,274,157,58,509,95,143,,288,274
6,2022-03-08 03:00:00,2022-03-08 18:00:00,15,179,severely overcrowded,283,420,248,97,142,117,274,,283,420
6,2022-03-09 09:00:00,2022-03-09 16:00:00,7,53,busy,161,486,137,17,157,130,82,,161,486
6,2022-03-10 10:00:00,2022-03-10 18:00:00,8,122,overcrowded,276,258,258,81,104,125,67,,276,258
6,2022-03-11 03:00:00,2022-03-11 06:00:00,3,112,overcrowded,121,334,79,35,38,30,135,,121,334
6,2022-03-12 07:00:00,2022-03-12 20:00:00,13,9,normal,175,498,150,39,449,79,13,,175,498
6,2022-03-13 01:00:00,2022-03-13 16:00:00,15,55,busy,257,335,247,24,531,63,74,,257,335
6,2022-03-14 09:00:00,2022-03-14 11:00:00,2,46,normal,130,398,118,39,352,84,132,,130,398
6,2022-03-15 01:00:00,2022-03-15 05:00:00,4,10,normal,169,244,90,14,540,67,203,,169,244
6,2022-03-16 06:00:00,2022-03-17 02:00:00,20,103,overcrowded,240,353,148,56,415,48,149,,240,353
6,2022-03-17 08:00:00,2022-03-18 03:00:00,19,91,busy,185,458,128,45,174,34,11,,185,458
6,2022-03-18 08:00:00,2022-03-19 02:00:00,18,95,busy,246,496,176,22,586,140,136,,246,496
6,2022-03-19 01:00:00,2022-03-19 12:00:00,11,142,severely overcrowded,295,206,160,42,42,0,138,,295,206
6,2022-03-20 00:00:00,2022-03-20 20:00:00,20,25,normal,291,449,158,64,498,50,138,,291,449
6,2022-03-21 02:00:00,2022-03-21 03:00:00,1,78,busy,241,350,124,34,247,54,12,,241,350
6,2022-03-22 09:00:00,2022-03-22 13:00:00,4,66,busy,226,255,185,72,542,112,232,,226,255
6,2022-03-23 07:00:00,2022-03-24 00:00:00,17,120,overcrowded,133,431,71,5,504,43,227,,133,431
6,2022-03-24 08:00:00,2022-03-25 01:00:00,17,161,severely overcrowded,221,452,217,25,70,5,222,,221,452
6,2022-03-25 11:00:00,2022-03-26 00:00:00,13,95,busy,237,405,182,34,173,177,249,,237,405
6,2022-03-26 06:00:00,2022-03-26 09:00:00,3,149,severely overcrowded,154,255,95,34,421,57,44,,154,255
6,2022-03-27 10:00:00,2022-03-28 09:00:00,23,107,overcrowded,111,465,88,16,33,43,51,,111,465
6,2022-03-28 09:00:00,2022-03-28 17:00:00,8,58,busy,238,311,132,8,569,74,165,,238,311
6,2022-03-29 10:00:00,2022-03-30 08:00:00,22,40,normal,275,215,143,53,443,13,285,,275,215
6,2022-03-30 00:00:00,2022-03-30 09:00:00,9,67,busy,150,354,152,74,231,120,138,,150,354
6,2022-03-31 07:00:00,2022-03-31 22:00:00,15,112,overcrowded,276,439,283,65,490,148,96,,276,439
6,2022-04-01 11:00:00,2022-04-02 06:00:00,19,119,overcrowded,134,249,108,20,405,103,120,,134,249
6,2022-04-02 08:00:00,2022-04-02 15:00:00,7,112,overcrowded,244,283,240,33,400,44,82,,244,283
6,2022-04-03 09:00:00,2022-04-04 01:00:00,16,156,severely overcrowded,138,236,94,21,390,42,201,,138,236
6,2022-04-04 07:00:00,2022-04-04 17:00:00,10,132,overcrowded,177,474,95,10,196,63,252,,177,474
6,2022-04-05 11:00:00,2022-04-06 10:00:00,23,34,normal,113,213,76,0,76,52,107,,113,213
6,2022-04-06 03:00:00,2022-04-06 15:00:00,12,171,severely overcrowded,103,240,105,15,594,68,30,,103,240
6,2022-04-07 10:00:00,2022-04-07 17:00:00,7,152,severely overcrowded,153,386,155,65,534,74,184,,153,386
6,2022-04-08 10:00:00,2022-04-08 22:00:00,12,120,overcrowded,229,395,215,39,207,196,71,,229,395
6,2022-04-09 03:00:00,2022-04-10 01:00:00,22,98,busy,269,479,251,9,209,171,182,,269,479
6,2022-04-10 08:00:00,2022-04-11 02:00:00,18,122,overcrowded,247,300,221,76,277,23,57,,247,300
6,2022-04-11 05:00:00,2022-04-11 11:00:00,6,19,normal,262,333,136,28,53,113,132,,262,333
6,2022-04-12 06:00:00,2022-04-12 11:00:00,5,158,severely overcrowded,152,459,96,9,90,5,111,,152,459
6,2022-04-13 05:00:00,2022-04-14 01:00:00,20,145,severely overcrowded,255,230,201,63,174,0,84,,255,230
6,2022-04-14 05:00:00,2022-04-14 21:00:00,16,90,busy,189,354,160,54,403,86,295,,189,354
6,2022-04-15 05:00:00,2022-04-15 21:00:00,16,40,normal,238,484,163,0,80,155,34,,238,484
6,2022-04-16 04:00:00,2022-04-16 20:00:00,16,113,overcrowded,287,469,187,84,386,134,263,,287,469
6,2022-04-17 00:00:00,2022-04-17 15:00:00,15,73,busy,167,405,97,29,353,15,75,,167,405
6,2022-04-18 00:00:00,2022-04-18 23:00:00,23,112,overcrowded,101,487,105,46,405,6,191,,101,487
6,2022-04-19 05:00:00,2022-04-19 17:00:00,12,19,normal,136,287,136,50,270,63,26,,136,287
6,2022-04-20 06:00:00,2022-04-20 07:00:00,1,33,normal,250,368,214,74,337,148,29,,250,368
6,2022-04-21 07:00:00,2022-04-22 00:00:00,17,57,busy,173,401,165,20,220,46,27,,173,401
6,2022-04-22 00:00:00,2022-04-22 10:00:00,10,155,severely overcrowded,127,443,136,5,513,35,220,,127,443
6,2022-04-23 00:00:00,2022-04-23 05:00:00,5,168,severely overcrowded,203,258,147,52,104,121,59,,203,258
6,2022-04-24 11:00:00,2022-04-25 06:00:00,19,152,severely overcrowded,160,412,159,23,511,139,142,,160,412
6,2022-04-25 04:00:00,2022-04-25 13:00:00,9,135,overcrowded,124,266,100,10,37,89,31,,124,266
6,2022-04-26 08:00:00,2022-04-26 16:00:00,8,117,overcrowded,230,343,226,29,483,213,212,,230,343
6,2022-04-27 02:00:00,2022-04-28 00:00:00,22,158,severely overcrowded,128,444,107,17,380,88,54,,128,444
6,2022-04-28 01:00:00,2022-04-28 09:00:00,8,109,overcrowded,290,279,207,94,472,15,298,,290,279
6,2022-04-29 05:00:00,2022-04-30 01:00:00,20,148,severely overcrowded,269,316,175,85,379,74,254,,269,316
6,2022-04-30 11:00:00,2022-05-01 07:00:00,20,17,normal,205,473,207,95,474,134,112,,205,473
6,2022-05-01 04:00:00,2022-05-02 03:00:00,23,42,normal,282,450,184,70,501,60,188,,282,450
6,2022-05-02 03:00:00,2022-05-02 07:00:00,4,81,busy,198,210,195,9,492,98,278,,198,210
6,2022-05-03 08:00:00,2022-05-04 00:00:00,16,27,normal,250,300,257,69,393,20,204,,250,300
6,2022-05-04 06:00:00,2022-05-05 05:00:00,23,172,severely overcrowded,279,263,270,66,149,132,36,,279,263
6,2022-05-05 00:00:00,2022-05-05 17:00:00,17,2,normal,270,478,216,51,343,1,89,,270,478
6,2022-05-06 02:00:00,2022-05-06 18:00:00,16,143,severely overcrowded,150,244,98,42,280,49,152,,150,244
6,2022-05-07 10:00:00,2022-05-07 14:00:00,4,59,busy,271,324,142,2,351,114,130,,271,324
6,2022-05-08 00:00:00,2022-05-08 03:00:00,3,16,normal,273,332,145,57,298,70,106,,273,332
6,2022-05-09 09:00:00,2022-05-09 22:00:00,13,45,normal,139,294,116,0,382,7,157,,139,294
6,2022-05-10 11:00:00,2022-05-10 13:00:00,2,93,busy,251,213,189,22,294,47,246,,251,213
6,2022-05-11 02:00:00,2022-05-11 05:00:00,3,50,normal,192,318,160,48,477,115,159,,192,318
6,2022-05-12 09:00:00,2022-05-13 08:00:00,23,104,overcrowded,171,410,111,18,65,70,76,,171,410
6,2022-05-13 09:00:00,2022-05-13 16:00:00,7,114,overcrowded,190,352,130,17,243,43,246,,190,352
6,2022-05-14 05:00:00,2022-05-15 00:00:00,19,17,normal,152,418,121,58,402,1,157,,152,418
6,2022-05-15 01:00:00,2022-05-15 03:00:00,2,149,severely overcrowded,158,492,108,47,112,49,281,,158,492
6,2022-05-16 05:00:00,2022-05-16 11:00:00,6,168,severely overcrowded,102,453,54,5,410,47,81,,102,453
6,2022-05-17 03:00:00,2022-05-17 18:00:00,15,114,overcrowded,215,357,164,1,378,136,67,,215,357
6,2022-05-18 07:00:00,2022-05-18 20:00:00,13,90,busy,117,314,121,4,360,47,148,,117,314
6,2022-05-19 04:00:00,2022-05-19 11:00:00,7,113,overcrowded,218,351,207,23,566,145,110,,218,351
6,2022-05-20 10:00:00,2022-05-21 08:00:00,22,137,overcrowded,274,290,244,56,397,118,248,,274,290
6,2022-05-21 05:00:00,2022-05-21 23:00:00,18,73,busy,114,226,100,47,485,90,183,,114,226
6,2022-05-22 01:00:00,2022-05-22 09:00:00,8,66,busy,278,349,173,10,278,40,97,,278,349
6,2022-05-23 03:00:00,2022-05-23 19:00:00,16,136,overcrowded,205,458,131,27,181,13,191,,205,458
6,2022-05-24 04:00:00,2022-05-24 21:00:00,17,53,busy,210,265,169,82,373,1,61,,210,265
6,2022-05-25 05:00:00,2022-05-25 19:00:00,14,134,overcrowded,252,275,162,18,469,43,244,,252,275
6,2022-05-26 10:00:00,2022-05-26 16:00:00,6,164,severely overcrowded,126,294,71,11,366,3,184,,126,294
6,2022-05-27 02:00:00,2022-05-27 16:00:00,14,117,overcrowded,108,423,80,5,537,19,200,,108,423
6,2022-05-28 08:00:00,2022-05-28 23:00:00,15,116,overcrowded,103,498,110,25,72,61,79,,103,498
6,2022-05-29 04:00:00,2022-05-29 12:00:00,8,90,busy,296,386,283,46,174,279,274,,296,386
6,2022-05-30 02:00:00,2022-05-30 03:00:00,1,20,normal,236,258,198,32,20,73,179,,236,258
6,2022-05-31 06:00:00,2022-05-31 21:00:00,15,150,severely overcrowded,154,362,126,36,534,52,95,,154,362
6,2022-06-01 09:00:00,2022-06-01 16:00:00,7,143,severely overcrowded,202,304,169,56,236,132,231,,202,304